Komentar,cleaning,cleansing,text_tokenize,tweet_normalized,text_stopword,text_stemming,text_clean
Bahkan lebih buruk daripada ngebleb,Bahkan lebih buruk daripada ngebleb,bahkan lebih buruk daripada ngebleb,"['bahkan', 'lebih', 'buruk', 'daripada', 'ngebleb']","['bahkan', 'lebih', 'buruk', 'daripada', 'ngebleb']","['buruk', 'ngebleb']","['buruk', 'ngebleb']",buruk ngebleb
"Kurung aja,lah lg ayam d lepas d sekolahan ya gt rusuh",Kurung aja lah lg ayam lepas sekolahan ya gt rusuh,kurung aja lah lg ayam lepas sekolahan ya gt rusuh,"['kurung', 'aja', 'lah', 'lg', 'ayam', 'lepas', 'sekolahan', 'ya', 'gt', 'rusuh']","['kurung', 'aja', 'lah', 'lagi', 'ayam', 'lepas', 'sekolahan', 'ya', 'gitu', 'rusuh']","['kurung', 'aja', 'ayam', 'lepas', 'sekolahan', 'ya', 'gitu', 'rusuh']","['kurung', 'aja', 'ayam', 'lepas', 'sekolah', 'ya', 'gitu', 'rusuh']",kurung aja ayam lepas sekolah ya gitu rusuh
tidak punya etika,tidak punya etika,tidak punya etika,"['tidak', 'punya', 'etika']","['tidak', 'punya', 'etika']",['etika'],['etika'],etika
Jgn disensor dong..mereka lho gak malu ngebully tmn nya sendiri.,Jgn disensor dong mereka lho gak malu ngebully tmn nya sendiri,jgn disensor dong mereka lho gak malu ngebully tmn nya sendiri,"['jgn', 'disensor', 'dong', 'mereka', 'lho', 'gak', 'malu', 'ngebully', 'tmn', 'nya', 'sendiri']","['jangan', 'disensor', 'dong', 'mereka', 'lho', 'enggak', 'malu', 'ngebully', 'tmn', 'nya', 'sendiri']","['disensor', 'lho', 'malu', 'ngebully', 'tmn', 'nya']","['sensor', 'lho', 'malu', 'ngebully', 'tmn', 'nya']",sensor lho malu ngebully tmn nya
Abisin aja lah pelakunya. Hukum yg serius biar ga jd penyakit masyarakat @divisihumaspolri,Abisin aja lah pelakunya Hukum yg serius biar ga jd penyakit masyarakat,abisin aja lah pelakunya hukum yg serius biar ga jd penyakit masyarakat,"['abisin', 'aja', 'lah', 'pelakunya', 'hukum', 'yg', 'serius', 'biar', 'ga', 'jd', 'penyakit', 'masyarakat']","['abisin', 'aja', 'lah', 'pelakunya', 'hukum', 'yang', 'serius', 'biar', 'enggak', 'jadi', 'penyakit', 'masyarakat']","['abisin', 'aja', 'pelakunya', 'hukum', 'serius', 'biar', 'penyakit', 'masyarakat']","['abisin', 'aja', 'laku', 'hukum', 'serius', 'biar', 'sakit', 'masyarakat']",abisin aja laku hukum serius biar sakit masyarakat
"Jangan mandang umur kalo salah ya kasih hukuman, Coba sekarang pikir gimana perasaan anak itu dan keluarganya? saya yg gk kenal aja merasa kesal,apalagi keluarganya,,belum lagi gimana kalo anak itu jadi trauma atau macemÂ²?",Jangan mandang umur kalo salah ya kasih hukuman Coba sekarang pikir gimana perasaan anak itu dan keluarganya saya yg gk kenal aja merasa kesal apalagi keluarganya belum lagi gimana kalo anak itu jadi trauma atau macem,jangan mandang umur kalo salah ya kasih hukuman coba sekarang pikir gimana perasaan anak itu dan keluarganya saya yg gk kenal aja merasa kesal apalagi keluarganya belum lagi gimana kalo anak itu jadi trauma atau macem,"['jangan', 'mandang', 'umur', 'kalo', 'salah', 'ya', 'kasih', 'hukuman', 'coba', 'sekarang', 'pikir', 'gimana', 'perasaan', 'anak', 'itu', 'dan', 'keluarganya', 'saya', 'yg', 'gk', 'kenal', 'aja', 'merasa', 'kesal', 'apalagi', 'keluarganya', 'belum', 'lagi', 'gimana', 'kalo', 'anak', 'itu', 'jadi', 'trauma', 'atau', 'macem']","['jangan', 'mandang', 'umur', 'kalau', 'salah', 'ya', 'kasih', 'hukuman', 'coba', 'sekarang', 'pikir', 'gimana', 'perasaan', 'anak', 'itu', 'dan', 'keluarganya', 'saya', 'yang', 'enggak', 'kenal', 'aja', 'merasa', 'kesal', 'apalagi', 'keluarganya', 'belum', 'lagi', 'gimana', 'kalau', 'anak', 'itu', 'jadi', 'trauma', 'atau', 'macem']","['mandang', 'umur', 'salah', 'ya', 'kasih', 'hukuman', 'coba', 'pikir', 'gimana', 'perasaan', 'anak', 'keluarganya', 'kenal', 'aja', 'kesal', 'keluarganya', 'gimana', 'anak', 'trauma', 'macem']","['mandang', 'umur', 'salah', 'ya', 'kasih', 'hukum', 'coba', 'pikir', 'gimana', 'asa', 'anak', 'keluarga', 'kenal', 'aja', 'kesal', 'keluarga', 'gimana', 'anak', 'trauma', 'macem']",mandang umur salah ya kasih hukum coba pikir gimana asa anak keluarga kenal aja kesal keluarga gimana anak trauma macem
"DAK JAMAN DAMAI KALAU URUSANNYA SEPERTI INI.ingatttttt ,gimana klw perempuantu keluarga kita",DAK JAMAN DAMAI KALAU URUSANNYA SEPERTI INI ingatt gimana klw perempuantu keluarga kita,dak jaman damai kalau urusannya seperti ini ingatt gimana klw perempuantu keluarga kita,"['dak', 'jaman', 'damai', 'kalau', 'urusannya', 'seperti', 'ini', 'ingatt', 'gimana', 'klw', 'perempuantu', 'keluarga', 'kita']","['dak', 'jaman', 'damai', 'kalau', 'urusannya', 'seperti', 'ini', 'ingatt', 'gimana', 'kalau', 'perempuantu', 'keluarga', 'kita']","['dak', 'jaman', 'damai', 'urusannya', 'ingatt', 'gimana', 'perempuantu', 'keluarga']","['dak', 'jaman', 'damai', 'urus', 'ingatt', 'gimana', 'perempuantu', 'keluarga']",dak jaman damai urus ingatt gimana perempuantu keluarga
JANGAN DIKASIH AMPUNNN.LAKNATT BUDAK LANANGTU...betino disikso gtuğŸ‘ğŸ‘,JANGAN DIKASIH AMPUNN LAKNATT BUDAK LANANGTU betino disikso gtu,jangan dikasih ampunn laknatt budak lanangtu betino disikso gtu,"['jangan', 'dikasih', 'ampunn', 'laknatt', 'budak', 'lanangtu', 'betino', 'disikso', 'gtu']","['jangan', 'dikasih', 'ampunn', 'laknatt', 'budak', 'lanangtu', 'betino', 'disikso', 'gitu']","['dikasih', 'ampunn', 'laknatt', 'budak', 'lanangtu', 'betino', 'disikso', 'gitu']","['kasih', 'ampunn', 'laknatt', 'budak', 'lanangtu', 'betino', 'disikso', 'gitu']",kasih ampunn laknatt budak lanangtu betino disikso gitu
Sokor keno tangkep...nangis2 pasti,Sokor keno tangkep nangis pasti,sokor keno tangkep nangis pasti,"['sokor', 'keno', 'tangkep', 'nangis', 'pasti']","['sokor', 'keno', 'tangkep', 'nangis', 'pasti']","['sokor', 'keno', 'tangkep', 'nangis']","['sokor', 'keno', 'tangkep', 'nang']",sokor keno tangkep nang
Bagus pak itu siswa dikeluarkan aja dari sekolah,Bagus pak itu siswa dikeluarkan aja dari sekolah,bagus pak itu siswa dikeluarkan aja dari sekolah,"['bagus', 'pak', 'itu', 'siswa', 'dikeluarkan', 'aja', 'dari', 'sekolah']","['bagus', 'pak', 'itu', 'siswa', 'dikeluarkan', 'aja', 'dari', 'sekolah']","['bagus', 'siswa', 'dikeluarkan', 'aja', 'sekolah']","['bagus', 'siswa', 'keluar', 'aja', 'sekolah']",bagus siswa keluar aja sekolah
"Kalo yg ceweitu adek gw, auto mati tu yg ngebully",Kalo yg ceweitu adek gw auto mati tu yg ngebully,kalo yg ceweitu adek gw auto mati tu yg ngebully,"['kalo', 'yg', 'ceweitu', 'adek', 'gw', 'auto', 'mati', 'tu', 'yg', 'ngebully']","['kalau', 'yang', 'ceweitu', 'adek', 'aku', 'auto', 'mati', 'tu', 'yang', 'ngebully']","['ceweitu', 'adek', 'auto', 'mati', 'tu', 'ngebully']","['ceweitu', 'adek', 'auto', 'mati', 'tu', 'ngebully']",ceweitu adek auto mati tu ngebully
Buang aja ke laut!,Buang aja ke laut,buang aja ke laut,"['buang', 'aja', 'ke', 'laut']","['buang', 'aja', 'ke', 'laut']","['buang', 'aja', 'laut']","['buang', 'aja', 'laut']",buang aja laut
"Terbitkelah pulo UU bullying,,,, tempelke di setiap sekolah,,, jgn pilih2 lagi,,, pak polisi",Terbitkelah pulo UU bullying tempelke di setiap sekolah jgn pilih lagi pak polisi,terbitkelah pulo uu bullying tempelke di setiap sekolah jgn pilih lagi pak polisi,"['terbitkelah', 'pulo', 'uu', 'bullying', 'tempelke', 'di', 'setiap', 'sekolah', 'jgn', 'pilih', 'lagi', 'pak', 'polisi']","['terbitkelah', 'pulo', 'uu', 'bullying', 'tempelke', 'di', 'setiap', 'sekolah', 'jangan', 'pilih', 'lagi', 'pak', 'polisi']","['terbitkelah', 'pulo', 'uu', 'bullying', 'tempelke', 'sekolah', 'pilih', 'polisi']","['terbitkelah', 'pulo', 'uu', 'bullying', 'tempelke', 'sekolah', 'pilih', 'polisi']",terbitkelah pulo uu bullying tempelke sekolah pilih polisi
Saya ga sangup lihat Vidio nya sakit hati saya. walau itu bukan anak saya.gaimana perasaan orang tua anak itu.saya ga tau,Saya ga sangup lihat Vidio nya sakit hati saya walau itu bukan anak saya gaimana perasaan orang tua anak itu saya ga tau,saya ga sangup lihat vidio nya sakit hati saya walau itu bukan anak saya gaimana perasaan orang tua anak itu saya ga tau,"['saya', 'ga', 'sangup', 'lihat', 'vidio', 'nya', 'sakit', 'hati', 'saya', 'walau', 'itu', 'bukan', 'anak', 'saya', 'gaimana', 'perasaan', 'orang', 'tua', 'anak', 'itu', 'saya', 'ga', 'tau']","['saya', 'enggak', 'sangup', 'lihat', 'vidio', 'nya', 'sakit', 'hati', 'saya', 'walau', 'itu', 'bukan', 'anak', 'saya', 'gaimana', 'perasaan', 'orang', 'tua', 'anak', 'itu', 'saya', 'enggak', 'tau']","['sangup', 'lihat', 'vidio', 'nya', 'sakit', 'hati', 'anak', 'gaimana', 'perasaan', 'orang', 'tua', 'anak', 'tau']","['sangup', 'lihat', 'vidio', 'nya', 'sakit', 'hati', 'anak', 'gaimana', 'asa', 'orang', 'tua', 'anak', 'tau']",sangup lihat vidio nya sakit hati anak gaimana asa orang tua anak tau
"harus di kasih efek jera, biar tidak terulanglagi",harus di kasih efek jera biar tidak terulanglagi,harus di kasih efek jera biar tidak terulanglagi,"['harus', 'di', 'kasih', 'efek', 'jera', 'biar', 'tidak', 'terulanglagi']","['harus', 'di', 'kasih', 'efek', 'jera', 'biar', 'tidak', 'terulanglagi']","['kasih', 'efek', 'jera', 'biar', 'terulanglagi']","['kasih', 'efek', 'jera', 'biar', 'terulanglagi']",kasih efek jera biar terulanglagi
Alhamdulillah yaallah,Alhamdulillah yaallah,alhamdulillah yaallah,"['alhamdulillah', 'yaallah']","['alhamdulillah', 'yaallah']","['alhamdulillah', 'yaallah']","['alhamdulillah', 'yaallah']",alhamdulillah yaallah
@faraah.sb nih udh di tangkap,sb nih udh di tangkap,sb nih udh di tangkap,"['sb', 'nih', 'udh', 'di', 'tangkap']","['sb', 'ini', 'udah', 'di', 'tangkap']","['sb', 'udah', 'tangkap']","['sb', 'udah', 'tangkap']",sb udah tangkap
"ğŸ˜«ğŸ˜«Biar kapok,,,kasih pelajaran,,pos lagi hukuman apa buat mereka,biar yg lain pada baca,,biat gak terjadi lagi,,,ğŸ˜«ğŸ˜«",Biar kapok kasih pelajaran pos lagi hukuman apa buat mereka biar yg lain pada baca biat gak terjadi lagi,biar kapok kasih pelajaran pos lagi hukuman apa buat mereka biar yg lain pada baca biat gak terjadi lagi,"['biar', 'kapok', 'kasih', 'pelajaran', 'pos', 'lagi', 'hukuman', 'apa', 'buat', 'mereka', 'biar', 'yg', 'lain', 'pada', 'baca', 'biat', 'gak', 'terjadi', 'lagi']","['biar', 'kapok', 'kasih', 'pelajaran', 'pos', 'lagi', 'hukuman', 'apa', 'buat', 'mereka', 'biar', 'yang', 'lain', 'pada', 'baca', 'biat', 'enggak', 'terjadi', 'lagi']","['biar', 'kapok', 'kasih', 'pelajaran', 'pos', 'hukuman', 'biar', 'baca', 'biat']","['biar', 'kapok', 'kasih', 'ajar', 'pos', 'hukum', 'biar', 'baca', 'biat']",biar kapok kasih ajar pos hukum biar baca biat
MAMPOSSSSS,MAMPOSS,mamposs,['mamposs'],['mampus'],['mampus'],['mampus'],mampus
"Trus pas ditangkap nangis, minta maaf wkwk mentap peyek",Trus pas ditangkap nangis minta maaf wkwk mentap peyek,trus pas ditangkap nangis minta maaf wkwk mentap peyek,"['trus', 'pas', 'ditangkap', 'nangis', 'minta', 'maaf', 'wkwk', 'mentap', 'peyek']","['terus', 'pas', 'ditangkap', 'nangis', 'minta', 'maaf', 'wkwk', 'mentap', 'peyek']","['pas', 'ditangkap', 'nangis', 'maaf', 'wkwk', 'mentap', 'peyek']","['pas', 'tangkap', 'nang', 'maaf', 'wkwk', 'tap', 'peyek']",pas tangkap nang maaf wkwk tap peyek
Klu merurut aku itu bukan kenakaln remaja tp lh watak nyo.jd perlu di sel.,Klu merurut aku itu bukan kenakaln remaja tp lh watak nyo jd perlu di sel,klu merurut aku itu bukan kenakaln remaja tp lh watak nyo jd perlu di sel,"['klu', 'merurut', 'aku', 'itu', 'bukan', 'kenakaln', 'remaja', 'tp', 'lh', 'watak', 'nyo', 'jd', 'perlu', 'di', 'sel']","['kalo', 'merurut', 'aku', 'itu', 'bukan', 'kenakaln', 'remaja', 'tapi', 'lh', 'watak', 'nyo', 'jadi', 'perlu', 'di', 'sel']","['kalo', 'merurut', 'kenakaln', 'remaja', 'lh', 'watak', 'nyo', 'sel']","['kalo', 'rurut', 'kenakaln', 'remaja', 'lh', 'watak', 'nyo', 'sel']",kalo rurut kenakaln remaja lh watak nyo sel
Mamam tuh,Mamam tuh,mamam tuh,"['mamam', 'tuh']","['makan', 'tuh']","['makan', 'tuh']","['makan', 'tuh']",makan tuh
Paling dilepas lagi....,Paling dilepas lagi,paling dilepas lagi,"['paling', 'dilepas', 'lagi']","['paling', 'dilepas', 'lagi']",['dilepas'],['lepas'],lepas
Mampos kau bodat,Mampos kau bodat,mampos kau bodat,"['mampos', 'kau', 'bodat']","['mampos', 'kau', 'bodat']","['mampos', 'kau', 'bodat']","['mampos', 'kau', 'bodat']",mampos kau bodat
"Saya mewakili org2 yg tinggal d palembang Minta tolonglah kepada pihak yg berwajib agar anak tersebut di kasih pelajaran,  siksalah mereka pak polisi,  kurunglah selama 3 bulan d sel campur dgn para preman... Jgn mentang2 sdh mnta maaf trus d biarkan bebas begitu saja.. Geram akutuh",Saya mewakili org yg tinggal palembang Minta tolonglah kepada pihak yg berwajib agar anak tersebut di kasih pelajaran siksalah mereka pak polisi kurunglah selama bulan sel campur dgn para preman Jgn mentang sdh mnta maaf trus biarkan bebas begitu saja Geram akutuh,saya mewakili org yg tinggal palembang minta tolonglah kepada pihak yg berwajib agar anak tersebut di kasih pelajaran siksalah mereka pak polisi kurunglah selama bulan sel campur dgn para preman jgn mentang sdh mnta maaf trus biarkan bebas begitu saja geram akutuh,"['saya', 'mewakili', 'org', 'yg', 'tinggal', 'palembang', 'minta', 'tolonglah', 'kepada', 'pihak', 'yg', 'berwajib', 'agar', 'anak', 'tersebut', 'di', 'kasih', 'pelajaran', 'siksalah', 'mereka', 'pak', 'polisi', 'kurunglah', 'selama', 'bulan', 'sel', 'campur', 'dgn', 'para', 'preman', 'jgn', 'mentang', 'sdh', 'mnta', 'maaf', 'trus', 'biarkan', 'bebas', 'begitu', 'saja', 'geram', 'akutuh']","['saya', 'mewakili', 'orang', 'yang', 'tinggal', 'palembang', 'minta', 'tolonglah', 'kepada', 'pihak', 'yang', 'berwajib', 'agar', 'anak', 'tersebut', 'di', 'kasih', 'pelajaran', 'siksalah', 'mereka', 'pak', 'polisi', 'kurunglah', 'selama', 'bulan', 'sel', 'campur', 'dengan', 'para', 'preman', 'jangan', 'mentang', 'sudah', 'mnta', 'maaf', 'terus', 'biarkan', 'bebas', 'begitu', 'saja', 'geram', 'akutuh']","['mewakili', 'orang', 'tinggal', 'palembang', 'tolonglah', 'berwajib', 'anak', 'kasih', 'pelajaran', 'siksalah', 'polisi', 'kurunglah', 'sel', 'campur', 'preman', 'mentang', 'mnta', 'maaf', 'biarkan', 'bebas', 'geram', 'akutuh']","['wakil', 'orang', 'tinggal', 'palembang', 'tolong', 'wajib', 'anak', 'kasih', 'ajar', 'siksa', 'polisi', 'kurung', 'sel', 'campur', 'preman', 'mentang', 'mnta', 'maaf', 'biar', 'bebas', 'geram', 'akutuh']",wakil orang tinggal palembang tolong wajib anak kasih ajar siksa polisi kurung sel campur preman mentang mnta maaf biar bebas geram akutuh
Duplak cocote ae,Duplak cocote ae,duplak cocote ae,"['duplak', 'cocote', 'ae']","['duplak', 'cocote', 'ae']","['duplak', 'cocote', 'ae']","['duplak', 'cocote', 'ae']",duplak cocote ae
Jangan kasih ampun.. Setidaknya penjarain dulu satu tahun.. Biar ga terulang lagi.. Kalau cuma disuruh minta maaf.. Sampai lebaran monyet pun pasti keulang,Jangan kasih ampun Setidaknya penjarain dulu satu tahun Biar ga terulang lagi Kalau cuma disuruh minta maaf Sampai lebaran monyet pun pasti keulang,jangan kasih ampun setidaknya penjarain dulu satu tahun biar ga terulang lagi kalau cuma disuruh minta maaf sampai lebaran monyet pun pasti keulang,"['jangan', 'kasih', 'ampun', 'setidaknya', 'penjarain', 'dulu', 'satu', 'tahun', 'biar', 'ga', 'terulang', 'lagi', 'kalau', 'cuma', 'disuruh', 'minta', 'maaf', 'sampai', 'lebaran', 'monyet', 'pun', 'pasti', 'keulang']","['jangan', 'kasih', 'ampun', 'setidaknya', 'penjarain', 'dulu', 'satu', 'tahun', 'biar', 'enggak', 'terulang', 'lagi', 'kalau', 'cuma', 'disuruh', 'minta', 'maaf', 'sampai', 'lebaran', 'monyet', 'pun', 'pasti', 'keulang']","['kasih', 'ampun', 'penjarain', 'biar', 'terulang', 'disuruh', 'maaf', 'lebaran', 'monyet', 'keulang']","['kasih', 'ampun', 'penjarain', 'biar', 'ulang', 'suruh', 'maaf', 'lebaran', 'monyet', 'ulang']",kasih ampun penjarain biar ulang suruh maaf lebaran monyet ulang
Itu kenapa ga sekalian yang video jg di ciduk ya.ğŸ¤”ğŸ¤”.kan biarpun ga melakukan.dengan ngevidio.ikut mendukung dong?,Itu kenapa ga sekalian yang video jg di ciduk ya kan biarpun ga melakukan dengan ngevidio ikut mendukung dong,itu kenapa ga sekalian yang video jg di ciduk ya kan biarpun ga melakukan dengan ngevidio ikut mendukung dong,"['itu', 'kenapa', 'ga', 'sekalian', 'yang', 'video', 'jg', 'di', 'ciduk', 'ya', 'kan', 'biarpun', 'ga', 'melakukan', 'dengan', 'ngevidio', 'ikut', 'mendukung', 'dong']","['itu', 'kenapa', 'enggak', 'sekalian', 'yang', 'video', 'juga', 'di', 'ciduk', 'ya', 'kan', 'biarpun', 'enggak', 'melakukan', 'dengan', 'ngevidio', 'ikut', 'mendukung', 'dong']","['video', 'ciduk', 'ya', 'biarpun', 'ngevidio', 'mendukung']","['video', 'ciduk', 'ya', 'biarpun', 'ngevidio', 'dukung']",video ciduk ya biarpun ngevidio dukung
Saya  yg punya anak perempuan.sedih melihat nya. Itu perbuatan biadap.nggk bermoral.1 anak perempuan di bully sama beberapa anak laki.,Saya yg punya anak perempuan sedih melihat nya Itu perbuatan biadap nggk bermoral anak perempuan di bully sama beberapa anak laki,saya yg punya anak perempuan sedih melihat nya itu perbuatan biadap nggk bermoral anak perempuan di bully sama beberapa anak laki,"['saya', 'yg', 'punya', 'anak', 'perempuan', 'sedih', 'melihat', 'nya', 'itu', 'perbuatan', 'biadap', 'nggk', 'bermoral', 'anak', 'perempuan', 'di', 'bully', 'sama', 'beberapa', 'anak', 'laki']","['saya', 'yang', 'punya', 'anak', 'perempuan', 'sedih', 'melihat', 'nya', 'itu', 'perbuatan', 'biadap', 'nggk', 'bermoral', 'anak', 'perempuan', 'di', 'bully', 'sama', 'beberapa', 'anak', 'laki']","['anak', 'perempuan', 'sedih', 'nya', 'perbuatan', 'biadap', 'nggk', 'bermoral', 'anak', 'perempuan', 'bully', 'anak', 'laki']","['anak', 'perempuan', 'sedih', 'nya', 'buat', 'biadap', 'nggk', 'moral', 'anak', 'perempuan', 'bully', 'anak', 'laki']",anak perempuan sedih nya buat biadap nggk moral anak perempuan bully anak laki
Butuh dana cepat? Sinarmas multifinance solusinya!!,Butuh dana cepat Sinarmas multifinance solusinya,butuh dana cepat sinarmas multifinance solusinya,"['butuh', 'dana', 'cepat', 'sinarmas', 'multifinance', 'solusinya']","['butuh', 'dana', 'cepat', 'sinarmas', 'multifinance', 'solusinya']","['butuh', 'dana', 'cepat', 'sinarmas', 'multifinance', 'solusinya']","['butuh', 'dana', 'cepat', 'sinarmas', 'multifinance', 'solusi']",butuh dana cepat sinarmas multifinance solusi
"Alhamdulillah, tangkep n penjaroke la",Alhamdulillah tangkep penjaroke la,alhamdulillah tangkep penjaroke la,"['alhamdulillah', 'tangkep', 'penjaroke', 'la']","['alhamdulillah', 'tangkep', 'penjaroke', 'la']","['alhamdulillah', 'tangkep', 'penjaroke', 'la']","['alhamdulillah', 'tangkep', 'penjaroke', 'la']",alhamdulillah tangkep penjaroke la
"Jancok emmg.... Aq dl jg prnh d gituin pas SD. malah lebih parah, d tempeleng sekengceng2nya, di tendang. Q ceweh pdhl. Yg ngroyok cowo2. Smpek detik ini smpek pnya ank q msh ingat dan sakit hati dan dendam am mreka. Dan msh ingat wjah2 mreka. Smpek skrg prnh ktmu saat reuni2 seolah2 biasa aja tp d hati sangat benci skali sm mreka.. Smpek kpn pun sakit hati itu membekas di hatiq.. Jancukkk",Jancok emmg Aq dl jg prnh gituin pas SD malah lebih parah tempeleng sekengcengnya di tendang ceweh pdhl Yg ngroyok cowo Smpek detik ini smpek pnya ank msh ingat dan sakit hati dan dendam am mreka Dan msh ingat wjah mreka Smpek skrg prnh ktmu saat reuni seolah biasa aja tp hati sangat benci skali sm mreka Smpek kpn pun sakit hati itu membekas di hatiq Jancukk,jancok emmg aq dl jg prnh gituin pas sd malah lebih parah tempeleng sekengcengnya di tendang ceweh pdhl yg ngroyok cowo smpek detik ini smpek pnya ank msh ingat dan sakit hati dan dendam am mreka dan msh ingat wjah mreka smpek skrg prnh ktmu saat reuni seolah biasa aja tp hati sangat benci skali sm mreka smpek kpn pun sakit hati itu membekas di hatiq jancukk,"['jancok', 'emmg', 'aq', 'dl', 'jg', 'prnh', 'gituin', 'pas', 'sd', 'malah', 'lebih', 'parah', 'tempeleng', 'sekengcengnya', 'di', 'tendang', 'ceweh', 'pdhl', 'yg', 'ngroyok', 'cowo', 'smpek', 'detik', 'ini', 'smpek', 'pnya', 'ank', 'msh', 'ingat', 'dan', 'sakit', 'hati', 'dan', 'dendam', 'am', 'mreka', 'dan', 'msh', 'ingat', 'wjah', 'mreka', 'smpek', 'skrg', 'prnh', 'ktmu', 'saat', 'reuni', 'seolah', 'biasa', 'aja', 'tp', 'hati', 'sangat', 'benci', 'skali', 'sm', 'mreka', 'smpek', 'kpn', 'pun', 'sakit', 'hati', 'itu', 'membekas', 'di', 'hatiq', 'jancukk']","['jancok', 'emang', 'aku', 'dl', 'juga', 'pernah', 'gituin', 'pas', 'sd', 'malah', 'lebih', 'parah', 'tempeleng', 'sekengcengnya', 'di', 'tendang', 'ceweh', 'pdhl', 'yang', 'ngroyok', 'cowo', 'sampai', 'detik', 'ini', 'sampai', 'punya', 'anak', 'masih', 'ingat', 'dan', 'sakit', 'hati', 'dan', 'dendam', 'am', 'mereka', 'dan', 'masih', 'ingat', 'wajah', 'mereka', 'sampai', 'sekarang', 'pernah', 'ketemu', 'saat', 'reuni', 'seolah', 'biasa', 'aja', 'tapi', 'hati', 'sangat', 'benci', 'sekali', 'sama', 'mereka', 'sampai', 'kapan', 'pun', 'sakit', 'hati', 'itu', 'membekas', 'di', 'hati', 'jancok']","['jancok', 'emang', 'dl', 'gituin', 'pas', 'sd', 'parah', 'tempeleng', 'sekengcengnya', 'tendang', 'ceweh', 'pdhl', 'ngroyok', 'cowo', 'detik', 'anak', 'sakit', 'hati', 'dendam', 'am', 'wajah', 'ketemu', 'reuni', 'aja', 'hati', 'benci', 'sakit', 'hati', 'membekas', 'hati', 'jancok']","['jancok', 'emang', 'dl', 'gituin', 'pas', 'sd', 'parah', 'tempeleng', 'sekengcengnya', 'tendang', 'ceweh', 'pdhl', 'ngroyok', 'cowo', 'detik', 'anak', 'sakit', 'hati', 'dendam', 'am', 'wajah', 'ketemu', 'reuni', 'aja', 'hati', 'benci', 'sakit', 'hati', 'bekas', 'hati', 'jancok']",jancok emang dl gituin pas sd parah tempeleng sekengcengnya tendang ceweh pdhl ngroyok cowo detik anak sakit hati dendam am wajah ketemu reuni aja hati benci sakit hati bekas hati jancok
Danger ğŸ˜¢,Danger,danger,['danger'],['danger'],['danger'],['danger'],danger
Trus perundungan yang gak ketangkep kamera????,Trus perundungan yang gak ketangkep kamera,trus perundungan yang gak ketangkep kamera,"['trus', 'perundungan', 'yang', 'gak', 'ketangkep', 'kamera']","['terus', 'perundungan', 'yang', 'enggak', 'ketangkep', 'kamera']","['perundungan', 'ketangkep', 'kamera']","['rundung', 'ketangkep', 'kamera']",rundung ketangkep kamera
Modar we anjing,Modar we anjing,modar we anjing,"['modar', 'we', 'anjing']","['modar', 'we', 'anjing']","['modar', 'we', 'anjing']","['modar', 'we', 'anjing']",modar we anjing
Tindak tegas pak karena moral siswa sekarang sdh sangat merosot & tidak bisa lagi d tolelir sdh tidak wajar lagiğŸ”¥ğŸ˜‚,Tindak tegas pak karena moral siswa sekarang sdh sangat merosot tidak bisa lagi tolelir sdh tidak wajar lagi,tindak tegas pak karena moral siswa sekarang sdh sangat merosot tidak bisa lagi tolelir sdh tidak wajar lagi,"['tindak', 'tegas', 'pak', 'karena', 'moral', 'siswa', 'sekarang', 'sdh', 'sangat', 'merosot', 'tidak', 'bisa', 'lagi', 'tolelir', 'sdh', 'tidak', 'wajar', 'lagi']","['tindak', 'tegas', 'pak', 'karena', 'moral', 'siswa', 'sekarang', 'sudah', 'sangat', 'merosot', 'tidak', 'bisa', 'lagi', 'tolelir', 'sudah', 'tidak', 'wajar', 'lagi']","['tindak', 'moral', 'siswa', 'merosot', 'tolelir', 'wajar']","['tindak', 'moral', 'siswa', 'merosot', 'tolelir', 'wajar']",tindak moral siswa merosot tolelir wajar
Alhamdulillah uda ditangani sama aparat hukum yg setimpal pak,Alhamdulillah uda ditangani sama aparat hukum yg setimpal pak,alhamdulillah uda ditangani sama aparat hukum yg setimpal pak,"['alhamdulillah', 'uda', 'ditangani', 'sama', 'aparat', 'hukum', 'yg', 'setimpal', 'pak']","['alhamdulillah', 'uda', 'ditangani', 'sama', 'aparat', 'hukum', 'yang', 'setimpal', 'pak']","['alhamdulillah', 'uda', 'ditangani', 'aparat', 'hukum', 'setimpal']","['alhamdulillah', 'uda', 'tangan', 'aparat', 'hukum', 'timpal']",alhamdulillah uda tangan aparat hukum timpal
Syykurlah....ğŸ‘ğŸ‘ğŸ‘ğŸ™Œ,Syykurlah,syykurlah,['syykurlah'],['syykurlah'],['syykurlah'],['syykurlah'],syykurlah
Kenpa sih hars atasan dlu yg bertindak baru polisi dateng -_-,Kenpa sih hars atasan dlu yg bertindak baru polisi dateng,kenpa sih hars atasan dlu yg bertindak baru polisi dateng,"['kenpa', 'sih', 'hars', 'atasan', 'dlu', 'yg', 'bertindak', 'baru', 'polisi', 'dateng']","['kenpa', 'sih', 'harus', 'atasan', 'dulu', 'yang', 'bertindak', 'baru', 'polisi', 'dateng']","['kenpa', 'sih', 'atasan', 'bertindak', 'polisi', 'dateng']","['kenpa', 'sih', 'atas', 'tindak', 'polisi', 'dateng']",kenpa sih atas tindak polisi dateng
"Ngak usah dibebasin pak.biar dia digebukkin dln penjara,sakit hati lihatnya.anak perempuan digituin.",Ngak usah dibebasin pak biar dia digebukkin dln penjara sakit hati lihatnya anak perempuan digituin,ngak usah dibebasin pak biar dia digebukkin dln penjara sakit hati lihatnya anak perempuan digituin,"['ngak', 'usah', 'dibebasin', 'pak', 'biar', 'dia', 'digebukkin', 'dln', 'penjara', 'sakit', 'hati', 'lihatnya', 'anak', 'perempuan', 'digituin']","['ngak', 'usah', 'dibebasin', 'pak', 'biar', 'dia', 'digebukkin', 'duluan', 'penjara', 'sakit', 'hati', 'lihatnya', 'anak', 'perempuan', 'digituin']","['ngak', 'dibebasin', 'biar', 'digebukkin', 'duluan', 'penjara', 'sakit', 'hati', 'lihatnya', 'anak', 'perempuan', 'digituin']","['ngak', 'dibebasin', 'biar', 'digebukkin', 'duluan', 'penjara', 'sakit', 'hati', 'lihat', 'anak', 'perempuan', 'digituin']",ngak dibebasin biar digebukkin duluan penjara sakit hati lihat anak perempuan digituin
"Hukum tetap berjalan, siapapun orgnya, gimana klo terjd d klurga mrk",Hukum tetap berjalan siapapun orgnya gimana klo terjd klurga mrk,hukum tetap berjalan siapapun orgnya gimana klo terjd klurga mrk,"['hukum', 'tetap', 'berjalan', 'siapapun', 'orgnya', 'gimana', 'klo', 'terjd', 'klurga', 'mrk']","['hukum', 'tetap', 'berjalan', 'siapapun', 'orgnya', 'gimana', 'kalau', 'terjd', 'klurga', 'mrk']","['hukum', 'berjalan', 'orgnya', 'gimana', 'terjd', 'klurga', 'mrk']","['hukum', 'jalan', 'orgnya', 'gimana', 'terjd', 'klurga', 'mrk']",hukum jalan orgnya gimana terjd klurga mrk
Korban sinetron jaman sekarang ğŸ˜”,Korban sinetron jaman sekarang,korban sinetron jaman sekarang,"['korban', 'sinetron', 'jaman', 'sekarang']","['korban', 'sinetron', 'jaman', 'sekarang']","['korban', 'sinetron', 'jaman']","['korban', 'sinetron', 'jaman']",korban sinetron jaman
Harus di buatin Sekolah semi militer ini kayaknya. Buat anak nakal yg masuk penjara tp hak nya bersekolah ttp ada. Tp yg ngajar Pak tentara biar bisa di kendalikan ğŸ˜ŠğŸ‘,Harus di buatin Sekolah semi militer ini kayaknya Buat anak nakal yg masuk penjara tp hak nya bersekolah ttp ada Tp yg ngajar Pak tentara biar bisa di kendalikan,harus di buatin sekolah semi militer ini kayaknya buat anak nakal yg masuk penjara tp hak nya bersekolah ttp ada tp yg ngajar pak tentara biar bisa di kendalikan,"['harus', 'di', 'buatin', 'sekolah', 'semi', 'militer', 'ini', 'kayaknya', 'buat', 'anak', 'nakal', 'yg', 'masuk', 'penjara', 'tp', 'hak', 'nya', 'bersekolah', 'ttp', 'ada', 'tp', 'yg', 'ngajar', 'pak', 'tentara', 'biar', 'bisa', 'di', 'kendalikan']","['harus', 'di', 'buatin', 'sekolah', 'semi', 'militer', 'ini', 'kayaknya', 'buat', 'anak', 'nakal', 'yang', 'masuk', 'penjara', 'tapi', 'hak', 'nya', 'bersekolah', 'ttp', 'ada', 'tapi', 'yang', 'ngajar', 'pak', 'tentara', 'biar', 'bisa', 'di', 'kendalikan']","['buatin', 'sekolah', 'semi', 'militer', 'kayaknya', 'anak', 'nakal', 'masuk', 'penjara', 'hak', 'nya', 'bersekolah', 'ttp', 'ngajar', 'tentara', 'biar', 'kendalikan']","['buatin', 'sekolah', 'semi', 'militer', 'kayak', 'anak', 'nakal', 'masuk', 'penjara', 'hak', 'nya', 'sekolah', 'ttp', 'ngajar', 'tentara', 'biar', 'kendali']",buatin sekolah semi militer kayak anak nakal masuk penjara hak nya sekolah ttp ngajar tentara biar kendali
"Bpk skli"" di penjara biar ada efek jera",Bpk skli di penjara biar ada efek jera,bpk skli di penjara biar ada efek jera,"['bpk', 'skli', 'di', 'penjara', 'biar', 'ada', 'efek', 'jera']","['bapak', 'sekali', 'di', 'penjara', 'biar', 'ada', 'efek', 'jera']","['penjara', 'biar', 'efek', 'jera']","['penjara', 'biar', 'efek', 'jera']",penjara biar efek jera
"kirim ke china (Wuhan) aja pak,biar mereka bebas mengekspresikan diri disana..",kirim ke china Wuhan aja pak biar mereka bebas mengekspresikan diri disana,kirim ke china wuhan aja pak biar mereka bebas mengekspresikan diri disana,"['kirim', 'ke', 'china', 'wuhan', 'aja', 'pak', 'biar', 'mereka', 'bebas', 'mengekspresikan', 'diri', 'disana']","['kirim', 'ke', 'china', 'wuhan', 'aja', 'pak', 'biar', 'mereka', 'bebas', 'mengekspresikan', 'diri', 'disana']","['kirim', 'china', 'wuhan', 'aja', 'biar', 'bebas', 'mengekspresikan', 'disana']","['kirim', 'china', 'wuhan', 'aja', 'biar', 'bebas', 'ekspresi', 'sana']",kirim china wuhan aja biar bebas ekspresi sana
Ga ada nyali tuh anak hahaha,Ga ada nyali tuh anak hahaha,ga ada nyali tuh anak hahaha,"['ga', 'ada', 'nyali', 'tuh', 'anak', 'hahaha']","['enggak', 'ada', 'nyali', 'tuh', 'anak', 'hahaha']","['nyali', 'tuh', 'anak', 'hahaha']","['nyali', 'tuh', 'anak', 'hahaha']",nyali tuh anak hahaha
"klw tidak ada tindakan tegas akan terulang lagi disekolah"" yang lainnya",klw tidak ada tindakan tegas akan terulang lagi disekolah yang lainnya,klw tidak ada tindakan tegas akan terulang lagi disekolah yang lainnya,"['klw', 'tidak', 'ada', 'tindakan', 'tegas', 'akan', 'terulang', 'lagi', 'disekolah', 'yang', 'lainnya']","['kalau', 'tidak', 'ada', 'tindakan', 'tegas', 'akan', 'terulang', 'lagi', 'disekolah', 'yang', 'lainnya']","['tindakan', 'terulang', 'disekolah']","['tindak', 'ulang', 'seko']",tindak ulang seko
"Dikit2 sensor dikit2 sensor muka pelaku, kalo gk tau muka pelaku, gimana kalo ktemu sm pelaku ny, kalo udh tau kan enak, bisa d hindari kalo pas mau jd temen",Dikit sensor dikit sensor muka pelaku kalo gk tau muka pelaku gimana kalo ktemu sm pelaku ny kalo udh tau kan enak bisa hindari kalo pas mau jd temen,dikit sensor dikit sensor muka pelaku kalo gk tau muka pelaku gimana kalo ktemu sm pelaku ny kalo udh tau kan enak bisa hindari kalo pas mau jd temen,"['dikit', 'sensor', 'dikit', 'sensor', 'muka', 'pelaku', 'kalo', 'gk', 'tau', 'muka', 'pelaku', 'gimana', 'kalo', 'ktemu', 'sm', 'pelaku', 'ny', 'kalo', 'udh', 'tau', 'kan', 'enak', 'bisa', 'hindari', 'kalo', 'pas', 'mau', 'jd', 'temen']","['dikit', 'sensor', 'dikit', 'sensor', 'muka', 'pelaku', 'kalau', 'enggak', 'tau', 'muka', 'pelaku', 'gimana', 'kalau', 'ktemu', 'sama', 'pelaku', 'ny', 'kalau', 'udah', 'tau', 'kan', 'enak', 'bisa', 'hindari', 'kalau', 'pas', 'mau', 'jadi', 'temen']","['dikit', 'sensor', 'dikit', 'sensor', 'muka', 'pelaku', 'tau', 'muka', 'pelaku', 'gimana', 'ktemu', 'pelaku', 'ny', 'udah', 'tau', 'enak', 'hindari', 'pas', 'temen']","['dikit', 'sensor', 'dikit', 'sensor', 'muka', 'laku', 'tau', 'muka', 'laku', 'gimana', 'ktemu', 'laku', 'ny', 'udah', 'tau', 'enak', 'hindar', 'pas', 'temen']",dikit sensor dikit sensor muka laku tau muka laku gimana ktemu laku ny udah tau enak hindar pas temen
Mampuss ğŸ˜,Mampuss,mampuss,['mampuss'],['mampuss'],['mampuss'],['mampuss'],mampuss
Mampus lu makan tuh kena tangkep!,Mampus lu makan tuh kena tangkep,mampus lu makan tuh kena tangkep,"['mampus', 'lu', 'makan', 'tuh', 'kena', 'tangkep']","['mampus', 'kamu', 'makan', 'tuh', 'kena', 'tangkep']","['mampus', 'makan', 'tuh', 'kena', 'tangkep']","['mampus', 'makan', 'tuh', 'kena', 'tangkep']",mampus makan tuh kena tangkep
Hukum saja biar jera jangan sudah nangis minta maaf dilepas lagi,Hukum saja biar jera jangan sudah nangis minta maaf dilepas lagi,hukum saja biar jera jangan sudah nangis minta maaf dilepas lagi,"['hukum', 'saja', 'biar', 'jera', 'jangan', 'sudah', 'nangis', 'minta', 'maaf', 'dilepas', 'lagi']","['hukum', 'saja', 'biar', 'jera', 'jangan', 'sudah', 'nangis', 'minta', 'maaf', 'dilepas', 'lagi']","['hukum', 'biar', 'jera', 'nangis', 'maaf', 'dilepas']","['hukum', 'biar', 'jera', 'nang', 'maaf', 'lepas']",hukum biar jera nang maaf lepas
mantapppp penjarakan,mantapp penjarakan,mantapp penjarakan,"['mantapp', 'penjarakan']","['mantapp', 'penjarakan']","['mantapp', 'penjarakan']","['mantapp', 'penjara']",mantapp penjara
"Tangani dlu palaknyo,patahke kaki tangannyo rabanan itu baru di proses hukum,biar yg laen idak melok melok lgi kasus cak ini",Tangani dlu palaknyo patahke kaki tangannyo rabanan itu baru di proses hukum biar yg laen idak melok melok lgi kasus cak ini,tangani dlu palaknyo patahke kaki tangannyo rabanan itu baru di proses hukum biar yg laen idak melok melok lgi kasus cak ini,"['tangani', 'dlu', 'palaknyo', 'patahke', 'kaki', 'tangannyo', 'rabanan', 'itu', 'baru', 'di', 'proses', 'hukum', 'biar', 'yg', 'laen', 'idak', 'melok', 'melok', 'lgi', 'kasus', 'cak', 'ini']","['tangani', 'dulu', 'palaknyo', 'patahke', 'kaki', 'tangannyo', 'rabanan', 'itu', 'baru', 'di', 'proses', 'hukum', 'biar', 'yang', 'lain', 'idak', 'melok', 'melok', 'lgi', 'kasus', 'cak', 'ini']","['tangani', 'palaknyo', 'patahke', 'kaki', 'tangannyo', 'rabanan', 'proses', 'hukum', 'biar', 'idak', 'melok', 'melok', 'lgi', 'cak']","['tangan', 'palaknyo', 'patahke', 'kaki', 'tangannyo', 'raban', 'proses', 'hukum', 'biar', 'idak', 'lok', 'lok', 'lgi', 'cak']",tangan palaknyo patahke kaki tangannyo raban proses hukum biar idak lok lok lgi cak
Kelakuan bocah anjing,Kelakuan bocah anjing,kelakuan bocah anjing,"['kelakuan', 'bocah', 'anjing']","['kelakuan', 'bocah', 'anjing']","['kelakuan', 'bocah', 'anjing']","['laku', 'bocah', 'anjing']",laku bocah anjing
penjarain aja. jngan di ksih ampun.,penjarain aja jngan di ksih ampun,penjarain aja jngan di ksih ampun,"['penjarain', 'aja', 'jngan', 'di', 'ksih', 'ampun']","['penjarain', 'aja', 'jngan', 'di', 'kasih', 'ampun']","['penjarain', 'aja', 'jngan', 'kasih', 'ampun']","['penjarain', 'aja', 'jngan', 'kasih', 'ampun']",penjarain aja jngan kasih ampun
Cara berpakaian 3 anak itu memang bukan seperti siswa pelajar baik.apalgi tingkah mereka...padahal baru SMP!!!,Cara berpakaian anak itu memang bukan seperti siswa pelajar baik apalgi tingkah mereka padahal baru SMP,cara berpakaian anak itu memang bukan seperti siswa pelajar baik apalgi tingkah mereka padahal baru smp,"['cara', 'berpakaian', 'anak', 'itu', 'memang', 'bukan', 'seperti', 'siswa', 'pelajar', 'baik', 'apalgi', 'tingkah', 'mereka', 'padahal', 'baru', 'smp']","['cara', 'berpakaian', 'anak', 'itu', 'memang', 'bukan', 'seperti', 'siswa', 'pelajar', 'baik', 'apalgi', 'tingkah', 'mereka', 'padahal', 'baru', 'smp']","['berpakaian', 'anak', 'siswa', 'pelajar', 'apalgi', 'tingkah', 'smp']","['pakai', 'anak', 'siswa', 'ajar', 'apalgi', 'tingkah', 'smp']",pakai anak siswa ajar apalgi tingkah smp
"jangan di enjok ampon budak setan ini, payah men hokom di indonesia yang cakini maseh di lindungi materai 6000 selesai urusan, daktau anak cak binatang tingkah laku katek otakkğŸ˜¡",jangan di enjok ampon budak setan ini payah men hokom di indonesia yang cakini maseh di lindungi materai selesai urusan daktau anak cak binatang tingkah laku katek otakk,jangan di enjok ampon budak setan ini payah men hokom di indonesia yang cakini maseh di lindungi materai selesai urusan daktau anak cak binatang tingkah laku katek otakk,"['jangan', 'di', 'enjok', 'ampon', 'budak', 'setan', 'ini', 'payah', 'men', 'hokom', 'di', 'indonesia', 'yang', 'cakini', 'maseh', 'di', 'lindungi', 'materai', 'selesai', 'urusan', 'daktau', 'anak', 'cak', 'binatang', 'tingkah', 'laku', 'katek', 'otakk']","['jangan', 'di', 'enjok', 'ampon', 'budak', 'setan', 'ini', 'payah', 'men', 'hokom', 'di', 'indonesia', 'yang', 'cakini', 'maseh', 'di', 'lindungi', 'materai', 'selesai', 'urusan', 'daktau', 'anak', 'cak', 'binatang', 'tingkah', 'laku', 'katek', 'otakk']","['enjok', 'ampon', 'budak', 'setan', 'payah', 'men', 'hokom', 'indonesia', 'cakini', 'maseh', 'lindungi', 'materai', 'selesai', 'urusan', 'daktau', 'anak', 'cak', 'binatang', 'tingkah', 'laku', 'katek', 'otakk']","['enjok', 'ampon', 'budak', 'setan', 'payah', 'men', 'hokom', 'indonesia', 'cakini', 'maseh', 'lindung', 'materai', 'selesai', 'urus', 'daktau', 'anak', 'cak', 'binatang', 'tingkah', 'laku', 'katek', 'otakk']",enjok ampon budak setan payah men hokom indonesia cakini maseh lindung materai selesai urus daktau anak cak binatang tingkah laku katek otakk
"jang nk d fikirke masalah masih pelajar,dk katek toleransi pak pokoknyo sidang sesuai hukum untuk bajingan itu !!",jang nk fikirke masalah masih pelajar dk katek toleransi pak pokoknyo sidang sesuai hukum untuk bajingan itu,jang nk fikirke masalah masih pelajar dk katek toleransi pak pokoknyo sidang sesuai hukum untuk bajingan itu,"['jang', 'nk', 'fikirke', 'masalah', 'masih', 'pelajar', 'dk', 'katek', 'toleransi', 'pak', 'pokoknyo', 'sidang', 'sesuai', 'hukum', 'untuk', 'bajingan', 'itu']","['jang', 'nk', 'fikirke', 'masalah', 'masih', 'pelajar', 'dk', 'katek', 'toleransi', 'pak', 'pokoknyo', 'sidang', 'sesuai', 'hukum', 'untuk', 'bajingan', 'itu']","['jang', 'nk', 'fikirke', 'pelajar', 'dk', 'katek', 'toleransi', 'pokoknyo', 'sidang', 'sesuai', 'hukum', 'bajingan']","['jang', 'nk', 'fikirke', 'ajar', 'dk', 'katek', 'toleransi', 'pokoknyo', 'sidang', 'sesuai', 'hukum', 'bajing']",jang nk fikirke ajar dk katek toleransi pokoknyo sidang sesuai hukum bajing
Mampus kalian anak2 badungğŸ˜¤,Mampus kalian anak badung,mampus kalian anak badung,"['mampus', 'kalian', 'anak', 'badung']","['mampus', 'kalian', 'anak', 'badung']","['mampus', 'anak', 'badung']","['mampus', 'anak', 'badung']",mampus anak badung
Mampus kau,Mampus kau,mampus kau,"['mampus', 'kau']","['mampus', 'kau']","['mampus', 'kau']","['mampus', 'kau']",mampus kau
Alhamdulilah mampus masukin ajh pak ke jeruzibesi,Alhamdulilah mampus masukin ajh pak ke jeruzibesi,alhamdulilah mampus masukin ajh pak ke jeruzibesi,"['alhamdulilah', 'mampus', 'masukin', 'ajh', 'pak', 'ke', 'jeruzibesi']","['alhamdulilah', 'mampus', 'masukin', 'ajah', 'pak', 'ke', 'jeruji besi']","['alhamdulilah', 'mampus', 'masukin', 'ajah', 'jeruji besi']","['alhamdulilah', 'mampus', 'masukin', 'ajah', 'jeruji besi']",alhamdulilah mampus masukin ajah jeruji besi
neh kauu neh kauuu,neh kauu neh kauu,neh kauu neh kauu,"['neh', 'kauu', 'neh', 'kauu']","['neh', 'kauu', 'neh', 'kauu']","['neh', 'kauu', 'neh', 'kauu']","['neh', 'kauu', 'neh', 'kauu']",neh kauu neh kauu
Keluarke dari sekolah pak musukke kepanjaro be biar dia tau rasa.enak enak mukuli anak orang emangnya dk ada hukum di negara ini.ğŸ‘ŠğŸ‘ŠğŸ‘ŠğŸ‘Š,Keluarke dari sekolah pak musukke kepanjaro be biar dia tau rasa enak enak mukuli anak orang emangnya dk ada hukum di negara ini,keluarke dari sekolah pak musukke kepanjaro be biar dia tau rasa enak enak mukuli anak orang emangnya dk ada hukum di negara ini,"['keluarke', 'dari', 'sekolah', 'pak', 'musukke', 'kepanjaro', 'be', 'biar', 'dia', 'tau', 'rasa', 'enak', 'enak', 'mukuli', 'anak', 'orang', 'emangnya', 'dk', 'ada', 'hukum', 'di', 'negara', 'ini']","['keluarke', 'dari', 'sekolah', 'pak', 'musukke', 'kepanjaro', 'be', 'biar', 'dia', 'tau', 'rasa', 'enak', 'enak', 'mukuli', 'anak', 'orang', 'emangnya', 'dk', 'ada', 'hukum', 'di', 'negara', 'ini']","['keluarke', 'sekolah', 'musukke', 'kepanjaro', 'be', 'biar', 'tau', 'enak', 'enak', 'mukuli', 'anak', 'orang', 'emangnya', 'dk', 'hukum', 'negara']","['keluarke', 'sekolah', 'musukke', 'kepanjaro', 'be', 'biar', 'tau', 'enak', 'enak', 'mukuli', 'anak', 'orang', 'emang', 'dk', 'hukum', 'negara']",keluarke sekolah musukke kepanjaro be biar tau enak enak mukuli anak orang emang dk hukum negara
