Komentar,cleaning,Case_Folding,Tokenization,Hashed_Text,Normalisasi,Stopwords,Steaming,text_clean
calon preman.,calon preman,calon preman,"['calon', 'preman']",2d3882055ce362457d14ff28b9bb4863,"['calon', 'preman']","['calon', 'preman']","['calon', 'preman']",calon preman
"Kekerasan tetap tdk boleh di lakukan,,",Kekerasan tetap tdk boleh di lakukan,kekerasan tetap tdk boleh di lakukan,"['kekerasan', 'tetap', 'tdk', 'boleh', 'di', 'lakukan']",ab8169c8fcd8126648f478bcef4fcb6c,"['kekerasan', 'tetap', 'tidak', 'boleh', 'di', 'lakukan']","['kekerasan', 'tetap', 'lakukan']","['keras', 'tetap', 'laku']",keras tetap laku
Hebat sekali kau nakğŸ‘,Hebat sekali kau nak,hebat sekali kau nak,"['hebat', 'sekali', 'kau', 'nak']",892dbfe25bce56962ebeffeba5ad7525,"['hebat', 'sekali', 'kau', 'nak']","['hebat', 'kau', 'nak']","['hebat', 'kau', 'nak']",hebat kau nak
"Tersangka anak di bawah umur, korban juga anak di bawah umur, semoga pasal tentang perlindungan anak Tidak berlaku kepada tersangka nya ğŸ‘ğŸ‘ karena ujung"" nya damai secara kekeluargaan ğŸ˜¢ğŸ˜¢",Tersangka anak di bawah umur korban juga anak di bawah umur semoga pasal tentang perlindungan anak Tidak berlaku kepada tersangka nya karena ujung nya damai secara kekeluargaan,tersangka anak di bawah umur korban juga anak di bawah umur semoga pasal tentang perlindungan anak tidak berlaku kepada tersangka nya karena ujung nya damai secara kekeluargaan,"['tersangka', 'anak', 'di', 'bawah', 'umur', 'korban', 'juga', 'anak', 'di', 'bawah', 'umur', 'semoga', 'pasal', 'tentang', 'perlindungan', 'anak', 'tidak', 'berlaku', 'kepada', 'tersangka', 'nya', 'karena', 'ujung', 'nya', 'damai', 'secara', 'kekeluargaan']",ef096826b1f4f9f71cb68b72d7f2cffb,"['tersangka', 'anak', 'di', 'bawah', 'umur', 'korban', 'juga', 'anak', 'di', 'bawah', 'umur', 'semoga', 'pasal', 'tentang', 'perlindungan', 'anak', 'tidak', 'berlaku', 'kepada', 'tersangka', 'nya', 'karena', 'ujung', 'nya', 'damai', 'secara', 'kekeluargaan']","['tersangka', 'anak', 'umur', 'korban', 'anak', 'umur', 'semoga', 'pasal', 'perlindungan', 'anak', 'berlaku', 'tersangka', 'ujung', 'damai', 'kekeluargaan']","['sangka', 'anak', 'umur', 'korban', 'anak', 'umur', 'moga', 'pasal', 'lindung', 'anak', 'laku', 'sangka', 'ujung', 'damai', 'keluarga']",sangka anak umur korban anak umur moga pasal lindung anak laku sangka ujung damai keluarga
"Berprestasi? Kok kmren ada yg bilang nakal suka pindah2 sekolah,,yg bener yg mana",Berprestasi Kok kmren ada yg bilang nakal suka pindah sekolah yg bener yg mana,berprestasi kok kmren ada yg bilang nakal suka pindah sekolah yg bener yg mana,"['berprestasi', 'kok', 'kmren', 'ada', 'yg', 'bilang', 'nakal', 'suka', 'pindah', 'sekolah', 'yg', 'bener', 'yg', 'mana']",43eebb4189b3a429cae6ffb38f8e04a1,"['berprestasi', 'kok', 'kmren', 'ada', 'yang', 'bilang', 'nakal', 'suka', 'pindah', 'sekolah', 'yang', 'benar', 'yang', 'mana']","['berprestasi', 'kmren', 'ada', 'bilang', 'nakal', 'suka', 'pindah', 'sekolah']","['prestasi', 'kmren', 'ada', 'bilang', 'nakal', 'suka', 'pindah', 'sekolah']",prestasi kmren ada bilang nakal suka pindah sekolah
Keluar dari penjara/lolos dari masa tahanan. Malah jadi bangga . Dan menjadi jadi. Masih muda dan ditakutiğŸ”¥,Keluar dari penjara lolos dari masa tahanan Malah jadi bangga Dan menjadi jadi Masih muda dan ditakuti,keluar dari penjara lolos dari masa tahanan malah jadi bangga dan menjadi jadi masih muda dan ditakuti,"['keluar', 'dari', 'penjara', 'lolos', 'dari', 'masa', 'tahanan', 'malah', 'jadi', 'bangga', 'dan', 'menjadi', 'jadi', 'masih', 'muda', 'dan', 'ditakuti']",a4abe76716666930acb8367c70d54eed,"['keluar', 'dari', 'penjara', 'lolos', 'dari', 'masa', 'tahanan', 'malah', 'jadi', 'bangga', 'dan', 'menjadi', 'jadi', 'masih', 'muda', 'dan', 'ditakuti']","['penjara', 'lolos', 'tahanan', 'bangga', 'muda', 'ditakuti']","['penjara', 'lolos', 'tahan', 'bangga', 'muda', 'takut']",penjara lolos tahan bangga muda takut
"Maksud dari ""jika terbukti""????",Maksud dari jika terbukti,maksud dari jika terbukti,"['maksud', 'dari', 'jika', 'terbukti']",1af6a7a9406f0ee69390c7d8cb3a0cc8,"['maksud', 'dari', 'jika', 'terbukti']","['maksud', 'terbukti']","['maksud', 'bukti']",maksud bukti
Gak usah cari2 perkara terhadap korban...yg jelas apapun alasanya itu perundungam bullying,Gak usah cari perkara terhadap korban yg jelas apapun alasanya itu perundungam bullying,gak usah cari perkara terhadap korban yg jelas apapun alasanya itu perundungam bullying,"['gak', 'usah', 'cari', 'perkara', 'terhadap', 'korban', 'yg', 'jelas', 'apapun', 'alasanya', 'itu', 'perundungam', 'bullying']",fae9db5e77e41a08e59b4f53ac8d01ad,"['enggak', 'usah', 'cari', 'perkara', 'terhadap', 'korban', 'yang', 'jelas', 'apapun', 'alasanya', 'itu', 'perundungam', 'bullying']","['cari', 'perkara', 'korban', 'apapun', 'alasanya', 'perundungam', 'bullying']","['cari', 'perkara', 'korban', 'apa', 'alasanya', 'perundungam', 'bullying']",cari perkara korban apa alasanya perundungam bullying
Pelaku itu jgn dikenain hukum anak sebab kelakuan udh spt iblis. Hrs di shock therapi biar tdk sok jago akhirnya ada korban lg. Masukin sel dewasa aja biar diremuk di dlm sel,Pelaku itu jgn dikenain hukum anak sebab kelakuan udh spt iblis Hrs di shock therapi biar tdk sok jago akhirnya ada korban lg Masukin sel dewasa aja biar diremuk di dlm sel,pelaku itu jgn dikenain hukum anak sebab kelakuan udh spt iblis hrs di shock therapi biar tdk sok jago akhirnya ada korban lg masukin sel dewasa aja biar diremuk di dlm sel,"['pelaku', 'itu', 'jgn', 'dikenain', 'hukum', 'anak', 'sebab', 'kelakuan', 'udh', 'spt', 'iblis', 'hrs', 'di', 'shock', 'therapi', 'biar', 'tdk', 'sok', 'jago', 'akhirnya', 'ada', 'korban', 'lg', 'masukin', 'sel', 'dewasa', 'aja', 'biar', 'diremuk', 'di', 'dlm', 'sel']",2d29bb1da8b5843578e0df0b948aa6ca,"['pelaku', 'itu', 'jangan', 'dikenain', 'hukum', 'anak', 'sebab', 'kelakuan', 'udah', 'seperti', 'iblis', 'harus', 'di', 'shock', 'therapi', 'biar', 'tidak', 'sok', 'jago', 'akhirnya', 'ada', 'korban', 'lagi', 'masukin', 'sel', 'dewasa', 'saja', 'biar', 'diremuk', 'di', 'dalam', 'sel']","['pelaku', 'dikenain', 'hukum', 'anak', 'kelakuan', 'udah', 'iblis', 'shock', 'therapi', 'biar', 'sok', 'jago', 'ada', 'korban', 'masukin', 'sel', 'dewasa', 'biar', 'diremuk', 'sel']","['laku', 'dikenain', 'hukum', 'anak', 'laku', 'udah', 'iblis', 'shock', 'therapi', 'biar', 'sok', 'jago', 'ada', 'korban', 'masukin', 'sel', 'dewasa', 'biar', 'remuk', 'sel']",laku dikenain hukum anak laku udah iblis shock therapi biar sok jago ada korban masukin sel dewasa biar remuk sel
"G usah mikir d bawah umur kalo perilakunya membahayakan orang lain hrs tetap d proses hukum ,, good lah polres cilacp",usah mikir bawah umur kalo perilakunya membahayakan orang lain hrs tetap proses hukum good lah polres cilacp,usah mikir bawah umur kalo perilakunya membahayakan orang lain hrs tetap proses hukum good lah polres cilacp,"['usah', 'mikir', 'bawah', 'umur', 'kalo', 'perilakunya', 'membahayakan', 'orang', 'lain', 'hrs', 'tetap', 'proses', 'hukum', 'good', 'lah', 'polres', 'cilacp']",746100751959c4740a891dd70953a888,"['usah', 'mikir', 'bawah', 'umur', 'kalau', 'perilakunya', 'membahayakan', 'orang', 'lain', 'harus', 'tetap', 'proses', 'hukum', 'good', 'lah', 'polres', 'cilacp']","['mikir', 'umur', 'perilakunya', 'membahayakan', 'orang', 'tetap', 'proses', 'hukum', 'good', 'polres', 'cilacp']","['mikir', 'umur', 'perilaku', 'bahaya', 'orang', 'tetap', 'proses', 'hukum', 'good', 'polres', 'cilacp']",mikir umur perilaku bahaya orang tetap proses hukum good polres cilacp
Sbntar amat 3thnan.,Sbntar amat thnan,sbntar amat thnan,"['sbntar', 'amat', 'thnan']",2064e3f64c748484a1ab703861fa66e0,"['sbntar', 'amat', 'thnan']","['sbntar', 'thnan']","['sbntar', 'thnan']",sbntar thnan
Gak usahlah guru pake bilang siswa berprestasi. Dr mukanya aja udah keliatan sifatnya gmn. Berprestasi kog gengÂ²an.,Gak usahlah guru pake bilang siswa berprestasi Dr mukanya aja udah keliatan sifatnya gmn Berprestasi kog geng an,gak usahlah guru pake bilang siswa berprestasi dr mukanya aja udah keliatan sifatnya gmn berprestasi kog geng an,"['gak', 'usahlah', 'guru', 'pake', 'bilang', 'siswa', 'berprestasi', 'dr', 'mukanya', 'aja', 'udah', 'keliatan', 'sifatnya', 'gmn', 'berprestasi', 'kog', 'geng', 'an']",5dbe07381e608b1958701b0ba2abd429,"['enggak', 'usahlah', 'guru', 'pake', 'bilang', 'siswa', 'berprestasi', 'dari', 'mukanya', 'saja', 'udah', 'keliatan', 'sifatnya', 'gimana', 'berprestasi', 'kog', 'geng', '.']","['usahlah', 'guru', 'pake', 'bilang', 'siswa', 'berprestasi', 'mukanya', 'udah', 'keliatan', 'sifatnya', 'gimana', 'berprestasi', 'kog', 'geng', '.']","['usah', 'guru', 'pake', 'bilang', 'siswa', 'prestasi', 'muka', 'udah', 'liat', 'sifat', 'gimana', 'prestasi', 'kog', 'geng', '']",usah guru pake bilang siswa prestasi muka udah liat sifat gimana prestasi kog geng
Gara2 dia berprestasi itu jadi kelakuaannya seenaknya...dan juga perilakunya tidak mencerminkan siswa berprestasi,Gara dia berprestasi itu jadi kelakuaannya seenaknya dan juga perilakunya tidak mencerminkan siswa berprestasi,gara dia berprestasi itu jadi kelakuaannya seenaknya dan juga perilakunya tidak mencerminkan siswa berprestasi,"['gara', 'dia', 'berprestasi', 'itu', 'jadi', 'kelakuaannya', 'seenaknya', 'dan', 'juga', 'perilakunya', 'tidak', 'mencerminkan', 'siswa', 'berprestasi']",4dd7279b00f21c748a21f16a55ad6dbd,"['gara', 'dia', 'berprestasi', 'itu', 'jadi', 'kelakuaannya', 'seenaknya', 'dan', 'juga', 'perilakunya', 'tidak', 'mencerminkan', 'siswa', 'berprestasi']","['gara', 'berprestasi', 'kelakuaannya', 'perilakunya', 'mencerminkan', 'siswa', 'berprestasi']","['gara', 'prestasi', 'kelakuaannya', 'perilaku', 'cermin', 'siswa', 'prestasi']",gara prestasi kelakuaannya perilaku cermin siswa prestasi
Halah bukan alasan...apalagi alasannya geng udah maksimal aja,Halah bukan alasan apalagi alasannya geng udah maksimal aja,halah bukan alasan apalagi alasannya geng udah maksimal aja,"['halah', 'bukan', 'alasan', 'apalagi', 'alasannya', 'geng', 'udah', 'maksimal', 'aja']",0531742ebf8bb1e0075997a8ece984a8,"['halah', 'bukan', 'alasan', 'apalagi', 'alasannya', 'geng', 'udah', 'maksimal', 'saja']","['halah', 'alasan', 'alasannya', 'geng', 'udah', 'maksimal']","['halah', 'alas', 'alas', 'geng', 'udah', 'maksimal']",halah alas alas geng udah maksimal
"Pindahkan kan Kepala Sekolah nya ngk bisa mendidik anak murid dengan baik,malah dibilng anak berprestasi,anak SMP aja kok main Geng segala,belajar lah yg baik dan benar",Pindahkan kan Kepala Sekolah nya ngk bisa mendidik anak murid dengan baik malah dibilng anak berprestasi anak SMP aja kok main Geng segala belajar lah yg baik dan benar,pindahkan kan kepala sekolah nya ngk bisa mendidik anak murid dengan baik malah dibilng anak berprestasi anak smp aja kok main geng segala belajar lah yg baik dan benar,"['pindahkan', 'kan', 'kepala', 'sekolah', 'nya', 'ngk', 'bisa', 'mendidik', 'anak', 'murid', 'dengan', 'baik', 'malah', 'dibilng', 'anak', 'berprestasi', 'anak', 'smp', 'aja', 'kok', 'main', 'geng', 'segala', 'belajar', 'lah', 'yg', 'baik', 'dan', 'benar']",9bde75b7fb5e281cea5530fe7ad1ac4f,"['pindahkan', 'kan', 'kepala', 'sekolah', 'nya', 'ngk', 'bisa', 'mendidik', 'anak', 'murid', 'dengan', 'baik', 'malah', 'dibilng', 'anak', 'berprestasi', 'anak', 'sekolah menengah pertama', 'saja', 'kok', 'main', 'geng', 'segala', 'belajar', 'lah', 'yang', 'baik', 'dan', 'benar']","['pindahkan', 'kepala', 'sekolah', 'ngk', 'mendidik', 'anak', 'murid', 'dibilng', 'anak', 'berprestasi', 'anak', 'sekolah menengah pertama', 'main', 'geng', 'belajar']","['pindah', 'kepala', 'sekolah', 'ngk', 'didik', 'anak', 'murid', 'dibilng', 'anak', 'prestasi', 'anak', 'sekolah tengah pertama', 'main', 'geng', 'ajar']",pindah kepala sekolah ngk didik anak murid dibilng anak prestasi anak sekolah tengah pertama main geng ajar
Gengnya pasti siap tempur lawan kkb,Gengnya pasti siap tempur lawan kkb,gengnya pasti siap tempur lawan kkb,"['gengnya', 'pasti', 'siap', 'tempur', 'lawan', 'kkb']",6720458dbef8644650e228a440279f8f,"['gengnya', 'pasti', 'siap', 'tempur', 'lawan', 'kkb']","['gengnya', 'tempur', 'lawan', 'kkb']","['geng', 'tempur', 'lawan', 'kkb']",geng tempur lawan kkb
Geng2 masih sekolah aja sudah jd preman..nanti klo dipenjara dpt hukuman ringan karena masih di bawah umur..trs apakah akan ada efek jera buat pelaku??dan korban pasti saat ini akan sangat trauma.,Geng masih sekolah aja sudah jd preman nanti klo dipenjara dpt hukuman ringan karena masih di bawah umur trs apakah akan ada efek jera buat pelaku dan korban pasti saat ini akan sangat trauma,geng masih sekolah aja sudah jd preman nanti klo dipenjara dpt hukuman ringan karena masih di bawah umur trs apakah akan ada efek jera buat pelaku dan korban pasti saat ini akan sangat trauma,"['geng', 'masih', 'sekolah', 'aja', 'sudah', 'jd', 'preman', 'nanti', 'klo', 'dipenjara', 'dpt', 'hukuman', 'ringan', 'karena', 'masih', 'di', 'bawah', 'umur', 'trs', 'apakah', 'akan', 'ada', 'efek', 'jera', 'buat', 'pelaku', 'dan', 'korban', 'pasti', 'saat', 'ini', 'akan', 'sangat', 'trauma']",5aef85857f419f5385ad3e5340b33652,"['geng', 'masih', 'sekolah', 'saja', 'sudah', 'jadi', 'preman', 'nanti', 'kalau', 'dipenjara', 'dapat', 'hukuman', 'ringan', 'karena', 'masih', 'di', 'bawah', 'umur', 'terus', 'apakah', 'akan', 'ada', 'efek', 'jera', 'buat', 'pelaku', 'dan', 'korban', 'pasti', 'saat', 'ini', 'akan', 'sangat', 'trauma']","['geng', 'sekolah', 'preman', 'dipenjara', 'hukuman', 'ringan', 'umur', 'ada', 'efek', 'jera', 'pelaku', 'korban', 'trauma']","['geng', 'sekolah', 'preman', 'penjara', 'hukum', 'ringan', 'umur', 'ada', 'efek', 'jera', 'laku', 'korban', 'trauma']",geng sekolah preman penjara hukum ringan umur ada efek jera laku korban trauma
Salah sendiri tdk punya masa depan lagi,Salah sendiri tdk punya masa depan lagi,salah sendiri tdk punya masa depan lagi,"['salah', 'sendiri', 'tdk', 'punya', 'masa', 'depan', 'lagi']",01e7733b1e30fb0c1332ebe87f56dd58,"['salah', 'sendiri', 'tidak', 'punya', 'masa', 'depan', 'lagi']",['salah'],['salah'],salah
"Kayaknya dari pihak sekolah, ingin mem-backup si perundung.
Apapun alasan sekolah, entah itu juara di kegiatan tertentu, anak berprestasi dan sebagainya, karena si perundung itu melakukan kejahatan fisik, sampai tulang rusuk korban patah, juga lehernya, maka hukum yang berlaku bukan lagi sebagai anakÂ².  Hukum harus ditegakkan. Kalau bisa pak polisi @bagsumdaresbms , jangan menggunakan sistem peradilan anakÂ².  Umur 14 dan 15 untuk saat ini sudah masuk kategori dewasa.  beda dengan jaman dulu.",Kayaknya dari pihak sekolah ingin mem backup si perundung Apapun alasan sekolah entah itu juara di kegiatan tertentu anak berprestasi dan sebagainya karena si perundung itu melakukan kejahatan fisik sampai tulang rusuk korban patah juga lehernya maka hukum yang berlaku bukan lagi sebagai anak Hukum harus ditegakkan Kalau bisa pak polisi jangan menggunakan sistem peradilan anak Umur dan untuk saat ini sudah masuk kategori dewasa beda dengan jaman dulu,kayaknya dari pihak sekolah ingin mem backup si perundung apapun alasan sekolah entah itu juara di kegiatan tertentu anak berprestasi dan sebagainya karena si perundung itu melakukan kejahatan fisik sampai tulang rusuk korban patah juga lehernya maka hukum yang berlaku bukan lagi sebagai anak hukum harus ditegakkan kalau bisa pak polisi jangan menggunakan sistem peradilan anak umur dan untuk saat ini sudah masuk kategori dewasa beda dengan jaman dulu,"['kayaknya', 'dari', 'pihak', 'sekolah', 'ingin', 'mem', 'backup', 'si', 'perundung', 'apapun', 'alasan', 'sekolah', 'entah', 'itu', 'juara', 'di', 'kegiatan', 'tertentu', 'anak', 'berprestasi', 'dan', 'sebagainya', 'karena', 'si', 'perundung', 'itu', 'melakukan', 'kejahatan', 'fisik', 'sampai', 'tulang', 'rusuk', 'korban', 'patah', 'juga', 'lehernya', 'maka', 'hukum', 'yang', 'berlaku', 'bukan', 'lagi', 'sebagai', 'anak', 'hukum', 'harus', 'ditegakkan', 'kalau', 'bisa', 'pak', 'polisi', 'jangan', 'menggunakan', 'sistem', 'peradilan', 'anak', 'umur', 'dan', 'untuk', 'saat', 'ini', 'sudah', 'masuk', 'kategori', 'dewasa', 'beda', 'dengan', 'jaman', 'dulu']",f4515163645418d9788f6d70709023be,"['kayaknya', 'dari', 'pihak', 'sekolah', 'ingin', 'mem', 'backup', 'si', 'perundung', 'apapun', 'alasan', 'sekolah', 'entah', 'itu', 'juara', 'di', 'kegiatan', 'tertentu', 'anak', 'berprestasi', 'dan', 'sebagainya', 'karena', 'si', 'perundung', 'itu', 'melakukan', 'kejahatan', 'fisik', 'sampai', 'tulang', 'rusuk', 'korban', 'patah', 'juga', 'lehernya', 'maka', 'hukum', 'yang', 'berlaku', 'bukan', 'lagi', 'sebagai', 'anak', 'hukum', 'harus', 'ditegakkan', 'kalo', 'bisa', 'pak', 'polisi', 'jangan', 'menggunakan', 'sistem', 'peradilan', 'anak', 'umur', 'dan', 'untuk', 'saat', 'ini', 'sudah', 'masuk', 'kategori', 'dewasa', 'beda', 'dengan', 'jaman', 'dulu']","['kayaknya', 'sekolah', 'mem', 'backup', 'si', 'perundung', 'apapun', 'alasan', 'sekolah', 'juara', 'kegiatan', 'anak', 'berprestasi', 'si', 'perundung', 'kejahatan', 'fisik', 'tulang', 'rusuk', 'korban', 'patah', 'lehernya', 'hukum', 'berlaku', 'anak', 'hukum', 'ditegakkan', 'kalo', 'polisi', 'sistem', 'peradilan', 'anak', 'umur', 'masuk', 'kategori', 'dewasa', 'beda', 'jaman']","['kayak', 'sekolah', 'mem', 'backup', 'si', 'rundung', 'apa', 'alas', 'sekolah', 'juara', 'giat', 'anak', 'prestasi', 'si', 'rundung', 'jahat', 'fisik', 'tulang', 'rusuk', 'korban', 'patah', 'leher', 'hukum', 'laku', 'anak', 'hukum', 'tegak', 'kalo', 'polisi', 'sistem', 'adil', 'anak', 'umur', 'masuk', 'kategori', 'dewasa', 'beda', 'jaman']",kayak sekolah mem backup si rundung apa alas sekolah juara giat anak prestasi si rundung jahat fisik tulang rusuk korban patah leher hukum laku anak hukum tegak kalo polisi sistem adil anak umur masuk kategori dewasa beda jaman
"Pihak sekolah mau ttup mata ya,seolahÂ² terkejut...",Pihak sekolah mau ttup mata ya seolah terkejut,pihak sekolah mau ttup mata ya seolah terkejut,"['pihak', 'sekolah', 'mau', 'ttup', 'mata', 'ya', 'seolah', 'terkejut']",3ebf3a4c789d6deb1e3f460864f3ed20,"['pihak', 'sekolah', 'mau', 'ttup', 'mata', 'ya', 'seolah', 'terkejut']","['sekolah', 'ttup', 'mata', 'terkejut']","['sekolah', 'ttup', 'mata', 'kejut']",sekolah ttup mata kejut
"Masih kecil kelakuan kek gitu, gede nya pasti cuma bs demo tanpa solusi, cuma bisa provokasi, cuma bisa nyela nyinyir, trus pasti jd SDM rendahğŸ˜‚",Masih kecil kelakuan kek gitu gede nya pasti cuma bs demo tanpa solusi cuma bisa provokasi cuma bisa nyela nyinyir trus pasti jd SDM rendah,masih kecil kelakuan kek gitu gede nya pasti cuma bs demo tanpa solusi cuma bisa provokasi cuma bisa nyela nyinyir trus pasti jd sdm rendah,"['masih', 'kecil', 'kelakuan', 'kek', 'gitu', 'gede', 'nya', 'pasti', 'cuma', 'bs', 'demo', 'tanpa', 'solusi', 'cuma', 'bisa', 'provokasi', 'cuma', 'bisa', 'nyela', 'nyinyir', 'trus', 'pasti', 'jd', 'sdm', 'rendah']",3e0e4c141b234486bd06c7f60e208c6b,"['masih', 'kecil', 'kelakuan', 'kayak', 'gitu', 'gede', 'nya', 'pasti', 'cuma', 'bisa', 'demo', 'tanpa', 'solusi', 'cuma', 'bisa', 'provokasi', 'cuma', 'bisa', 'nyela', 'nyinyir', 'terus', 'pasti', 'jadi', 'sdm', 'rendah']","['kelakuan', 'kayak', 'gitu', 'gede', 'demo', 'solusi', 'provokasi', 'nyela', 'nyinyir', 'sdm', 'rendah']","['laku', 'kayak', 'gitu', 'gede', 'demo', 'solusi', 'provokasi', 'nyela', 'nyinyir', 'sdm', 'rendah']",laku kayak gitu gede demo solusi provokasi nyela nyinyir sdm rendah
Jgn sampe jadi duta bulying yaa pa.,Jgn sampe jadi duta bulying yaa pa,jgn sampe jadi duta bulying yaa pa,"['jgn', 'sampe', 'jadi', 'duta', 'bulying', 'yaa', 'pa']",6a046bb713f96054150680f8d40a1df9,"['jangan', 'sampai', 'jadi', 'duta', 'bulying', 'ya', 'pa']","['duta', 'bulying', 'pa']","['duta', 'bulying', 'pa']",duta bulying pa
"Makin kesini narasi beritanya bagus bagusin pelaku dah, mulai dari pelaku berprestasi, sekarang pelaku kesal karena gengnya di catut. Seakan akan mewajarkan kalo pelaku berbuat seperti itu. Apa mungkin saya yg salah tangkap ğŸ˜®",Makin kesini narasi beritanya bagus bagusin pelaku dah mulai dari pelaku berprestasi sekarang pelaku kesal karena gengnya di catut Seakan akan mewajarkan kalo pelaku berbuat seperti itu Apa mungkin saya yg salah tangkap,makin kesini narasi beritanya bagus bagusin pelaku dah mulai dari pelaku berprestasi sekarang pelaku kesal karena gengnya di catut seakan akan mewajarkan kalo pelaku berbuat seperti itu apa mungkin saya yg salah tangkap,"['makin', 'kesini', 'narasi', 'beritanya', 'bagus', 'bagusin', 'pelaku', 'dah', 'mulai', 'dari', 'pelaku', 'berprestasi', 'sekarang', 'pelaku', 'kesal', 'karena', 'gengnya', 'di', 'catut', 'seakan', 'akan', 'mewajarkan', 'kalo', 'pelaku', 'berbuat', 'seperti', 'itu', 'apa', 'mungkin', 'saya', 'yg', 'salah', 'tangkap']",6300a5d85fa960d045f4faf4c3211e1a,"['makin', 'kesini', 'narasi', 'beritanya', 'bagus', 'bagusin', 'pelaku', 'udah', 'mulai', 'dari', 'pelaku', 'berprestasi', 'sekarang', 'pelaku', 'kesal', 'karena', 'gengnya', 'di', 'catut', 'seakan', 'akan', 'mewajarkan', 'kalau', 'pelaku', 'berbuat', 'seperti', 'itu', 'apa', 'mungkin', 'saya', 'yang', 'salah', 'tangkap']","['kesini', 'narasi', 'beritanya', 'bagus', 'bagusin', 'pelaku', 'udah', 'pelaku', 'berprestasi', 'pelaku', 'kesal', 'gengnya', 'catut', 'seakan', 'mewajarkan', 'pelaku', 'berbuat', 'salah', 'tangkap']","['kesini', 'narasi', 'berita', 'bagus', 'bagusin', 'laku', 'udah', 'laku', 'prestasi', 'laku', 'kesal', 'geng', 'catut', 'akan', 'wajar', 'laku', 'buat', 'salah', 'tangkap']",kesini narasi berita bagus bagusin laku udah laku prestasi laku kesal geng catut akan wajar laku buat salah tangkap
"TERLEPAS DARI APAPUN MOTIFNYA. TETAP SALAH. MEREKA TUH DI SEKOLAHIN BIAR PUNYA OTAK, PUNYA ADAB. BISA BEDAIN MANA YANG SALAH, MANA YANG BENER .",TERLEPAS DARI APAPUN MOTIFNYA TETAP SALAH MEREKA TUH DI SEKOLAHIN BIAR PUNYA OTAK PUNYA ADAB BISA BEDAIN MANA YANG SALAH MANA YANG BENER,terlepas dari apapun motifnya tetap salah mereka tuh di sekolahin biar punya otak punya adab bisa bedain mana yang salah mana yang bener,"['terlepas', 'dari', 'apapun', 'motifnya', 'tetap', 'salah', 'mereka', 'tuh', 'di', 'sekolahin', 'biar', 'punya', 'otak', 'punya', 'adab', 'bisa', 'bedain', 'mana', 'yang', 'salah', 'mana', 'yang', 'bener']",f8f06067df0027ae256f8641f0beca78,"['terlepas', 'dari', 'apapun', 'motifnya', 'tetap', 'salah', 'mereka', 'tuh', 'di', 'sekolahin', 'biar', 'punya', 'otak', 'punya', 'kesopanan', 'bisa', 'bedain', 'mana', 'yang', 'salah', 'mana', 'yang', 'benar']","['terlepas', 'apapun', 'motifnya', 'tetap', 'salah', 'tuh', 'sekolahin', 'biar', 'otak', 'kesopanan', 'bedain', 'salah']","['lepas', 'apa', 'motif', 'tetap', 'salah', 'tuh', 'sekolahin', 'biar', 'otak', 'sopan', 'bedain', 'salah']",lepas apa motif tetap salah tuh sekolahin biar otak sopan bedain salah
Penjarakan jangan pandang uu dibawah umur.. gini gini dah bikin nyawa orang hampir hilang,Penjarakan jangan pandang uu dibawah umur gini gini dah bikin nyawa orang hampir hilang,penjarakan jangan pandang uu dibawah umur gini gini dah bikin nyawa orang hampir hilang,"['penjarakan', 'jangan', 'pandang', 'uu', 'dibawah', 'umur', 'gini', 'gini', 'dah', 'bikin', 'nyawa', 'orang', 'hampir', 'hilang']",9d205a884aa41608ea6e17820c873e9b,"['penjarakan', 'jangan', 'pandang', 'uu', 'dibawah', 'umur', 'gini', 'gini', 'udah', 'bikin', 'nyawa', 'orang', 'hampir', 'hilang']","['penjarakan', 'pandang', 'uu', 'dibawah', 'umur', 'gini', 'gini', 'udah', 'bikin', 'nyawa', 'orang', 'hilang']","['penjara', 'pandang', 'uu', 'bawah', 'umur', 'gin', 'gin', 'udah', 'bikin', 'nyawa', 'orang', 'hilang']",penjara pandang uu bawah umur gin gin udah bikin nyawa orang hilang
Katanya Karena Cewek ? Yang Benar Yg Mna ?,Katanya Karena Cewek Yang Benar Yg Mna,katanya karena cewek yang benar yg mna,"['katanya', 'karena', 'cewek', 'yang', 'benar', 'yg', 'mna']",5efe8bced9c26bbc7347187c35fc0604,"['katanya', 'karena', 'cewek', 'yang', 'benar', 'yang', 'mna']","['cewek', 'mna']","['cewek', 'mna']",cewek mna
Kalo mau berantem adu nyali tuh di ring tinju bukan viral malu2in keluarga,Kalo mau berantem adu nyali tuh di ring tinju bukan viral maluin keluarga,kalo mau berantem adu nyali tuh di ring tinju bukan viral maluin keluarga,"['kalo', 'mau', 'berantem', 'adu', 'nyali', 'tuh', 'di', 'ring', 'tinju', 'bukan', 'viral', 'maluin', 'keluarga']",f28bba2963ad955eaf8a3d45320aa3b3,"['kalau', 'mau', 'berantem', 'adu', 'nyali', 'tuh', 'di', 'ring', 'tinju', 'bukan', 'viral', 'maluin', 'keluarga']","['berantem', 'nyali', 'tuh', 'ring', 'tinju', 'viral', 'maluin', 'keluarga']","['antem', 'nyali', 'tuh', 'ring', 'tinju', 'viral', 'maluin', 'keluarga']",antem nyali tuh ring tinju viral maluin keluarga
"Katanya masalah cewek, yg bener alasannya yg mana ??",Katanya masalah cewek yg bener alasannya yg mana,katanya masalah cewek yg bener alasannya yg mana,"['katanya', 'masalah', 'cewek', 'yg', 'bener', 'alasannya', 'yg', 'mana']",f56a36f154d477316e6da37a5b25a119,"['katanya', 'masalah', 'cewek', 'yang', 'benar', 'alasannya', 'yang', 'mana']","['cewek', 'alasannya']","['cewek', 'alas']",cewek alas
"Intinya pelaku dan korban sama bader, karena kalah dari ketua geng jadi korban kena bulan2 dan ketua.",Intinya pelaku dan korban sama bader karena kalah dari ketua geng jadi korban kena bulan dan ketua,intinya pelaku dan korban sama bader karena kalah dari ketua geng jadi korban kena bulan dan ketua,"['intinya', 'pelaku', 'dan', 'korban', 'sama', 'bader', 'karena', 'kalah', 'dari', 'ketua', 'geng', 'jadi', 'korban', 'kena', 'bulan', 'dan', 'ketua']",df04b48c6d821363389e8b42e8682477,"['intinya', 'pelaku', 'dan', 'korban', 'sama', 'bader', 'karena', 'kalah', 'dari', 'ketua', 'geng', 'jadi', 'korban', 'kena', 'bulan', 'dan', 'ketua']","['intinya', 'pelaku', 'korban', 'kalah', 'ketua', 'geng', 'korban', 'kena', 'ketua']","['inti', 'laku', 'korban', 'kalah', 'ketua', 'geng', 'korban', 'kena', 'ketua']",inti laku korban kalah ketua geng korban kena ketua
Infonya dia sering bermasalah makanya pindah sekolah smpai beberapa kali....dan prestasi dia adlh juara silat infonya,Infonya dia sering bermasalah makanya pindah sekolah smpai beberapa kali dan prestasi dia adlh juara silat infonya,infonya dia sering bermasalah makanya pindah sekolah smpai beberapa kali dan prestasi dia adlh juara silat infonya,"['infonya', 'dia', 'sering', 'bermasalah', 'makanya', 'pindah', 'sekolah', 'smpai', 'beberapa', 'kali', 'dan', 'prestasi', 'dia', 'adlh', 'juara', 'silat', 'infonya']",783d857ff9356c5054c188f622fd7f5b,"['infonya', 'dia', 'sering', 'bermasalah', 'makanya', 'pindah', 'sekolah', 'smpai', 'beberapa', 'kali', 'dan', 'prestasi', 'dia', 'adalah', 'juara', 'silat', 'infonya']","['infonya', 'bermasalah', 'pindah', 'sekolah', 'smpai', 'kali', 'prestasi', 'juara', 'silat', 'infonya']","['info', 'masalah', 'pindah', 'sekolah', 'smpai', 'kali', 'prestasi', 'juara', 'silat', 'info']",info masalah pindah sekolah smpai kali prestasi juara silat info
Berprestasi? Kabarnya sudah berpindah-pindah sekolah 4 kali. Yang benar mana,Berprestasi Kabarnya sudah berpindah pindah sekolah kali Yang benar mana,berprestasi kabarnya sudah berpindah pindah sekolah kali yang benar mana,"['berprestasi', 'kabarnya', 'sudah', 'berpindah', 'pindah', 'sekolah', 'kali', 'yang', 'benar', 'mana']",df0fa7ac1539e930711849fd0418044c,"['berprestasi', 'kabarnya', 'sudah', 'berpindah', 'pindah', 'sekolah', 'kali', 'yang', 'benar', 'mana']","['berprestasi', 'kabarnya', 'berpindah', 'pindah', 'sekolah', 'kali']","['prestasi', 'kabar', 'pindah', 'pindah', 'sekolah', 'kali']",prestasi kabar pindah pindah sekolah kali
"Apa org itu paham definisi  dari kata genk?  Ortunya cr duit pala buat kaki, anaknya disekolahin ga ada adab. Model begitu di bejek dulu aturan anaknya ğŸ˜®",Apa org itu paham definisi dari kata genk Ortunya cr duit pala buat kaki anaknya disekolahin ga ada adab Model begitu di bejek dulu aturan anaknya,apa org itu paham definisi dari kata genk ortunya cr duit pala buat kaki anaknya disekolahin ga ada adab model begitu di bejek dulu aturan anaknya,"['apa', 'org', 'itu', 'paham', 'definisi', 'dari', 'kata', 'genk', 'ortunya', 'cr', 'duit', 'pala', 'buat', 'kaki', 'anaknya', 'disekolahin', 'ga', 'ada', 'adab', 'model', 'begitu', 'di', 'bejek', 'dulu', 'aturan', 'anaknya']",79869b1204e6b1ae5d359f234931f55b,"['apa', 'orang', 'itu', 'paham', 'definisi', 'dari', 'kata', 'genk', 'ortunya', 'cr', 'duit', 'pala', 'buat', 'kaki', 'anaknya', 'disekolahin', 'enggak', 'ada', 'kesopanan', 'model', 'begitu', 'di', 'bejek', 'dulu', 'aturan', 'anaknya']","['orang', 'paham', 'definisi', 'genk', 'ortunya', 'cr', 'duit', 'pala', 'kaki', 'anaknya', 'disekolahin', 'ada', 'kesopanan', 'model', 'bejek', 'aturan', 'anaknya']","['orang', 'paham', 'definisi', 'genk', 'ortunya', 'cr', 'duit', 'pala', 'kaki', 'anak', 'disekolahin', 'ada', 'sopan', 'model', 'bejek', 'atur', 'anak']",orang paham definisi genk ortunya cr duit pala kaki anak disekolahin ada sopan model bejek atur anak
"Kmren masalahnya rebutan cewe, skrg catut geng, bsk apa lagi ya ğŸ˜‚ğŸ˜‚",Kmren masalahnya rebutan cewe skrg catut geng bsk apa lagi ya,kmren masalahnya rebutan cewe skrg catut geng bsk apa lagi ya,"['kmren', 'masalahnya', 'rebutan', 'cewe', 'skrg', 'catut', 'geng', 'bsk', 'apa', 'lagi', 'ya']",76cc3fd3511c4dff70794b3d2eabd268,"['kmren', 'masalahnya', 'rebutan', 'cewe', 'sekarang', 'catut', 'geng', 'bsk', 'apa', 'lagi', 'ya']","['kmren', 'rebutan', 'cewe', 'catut', 'geng', 'bsk']","['kmren', 'rebut', 'cewe', 'catut', 'geng', 'bsk']",kmren rebut cewe catut geng bsk
"Hapus undang undang anak di bawah umur, itu semakin membuat para bocil so jagoan",Hapus undang undang anak di bawah umur itu semakin membuat para bocil so jagoan,hapus undang undang anak di bawah umur itu semakin membuat para bocil so jagoan,"['hapus', 'undang', 'undang', 'anak', 'di', 'bawah', 'umur', 'itu', 'semakin', 'membuat', 'para', 'bocil', 'so', 'jagoan']",a385c796de516b1015b18cf05da073c1,"['hapus', 'undang', 'undang', 'anak', 'di', 'bawah', 'umur', 'itu', 'semakin', 'membuat', 'para', 'bocil', 'so', 'jagoan']","['hapus', 'undang', 'undang', 'anak', 'umur', 'bocil', 'so', 'jagoan']","['hapus', 'undang', 'undang', 'anak', 'umur', 'bocil', 'so', 'jago']",hapus undang undang anak umur bocil so jago
MaSIH Kecil So Jadi JAGOAN....inget orang Tua Lo SUSAH SEKOLAH lo..lo Malah BEGINI..INI akibat Perbuatan Lo...TANGKAP..MASUKIN PENJARA BIAR Jera,MaSIH Kecil So Jadi JAGOAN inget orang Tua Lo SUSAH SEKOLAH lo lo Malah BEGINI INI akibat Perbuatan Lo TANGKAP MASUKIN PENJARA BIAR Jera,masih kecil so jadi jagoan inget orang tua lo susah sekolah lo lo malah begini ini akibat perbuatan lo tangkap masukin penjara biar jera,"['masih', 'kecil', 'so', 'jadi', 'jagoan', 'inget', 'orang', 'tua', 'lo', 'susah', 'sekolah', 'lo', 'lo', 'malah', 'begini', 'ini', 'akibat', 'perbuatan', 'lo', 'tangkap', 'masukin', 'penjara', 'biar', 'jera']",01784e40d0d021422db3cdc4d19e703d,"['masih', 'kecil', 'so', 'jadi', 'jagoan', 'inget', 'orang', 'tua', 'kamu', 'susah', 'sekolah', 'kamu', 'kamu', 'malah', 'begini', 'ini', 'akibat', 'perbuatan', 'kamu', 'tangkap', 'masukin', 'penjara', 'biar', 'jera']","['so', 'jagoan', 'inget', 'orang', 'tua', 'susah', 'sekolah', 'akibat', 'perbuatan', 'tangkap', 'masukin', 'penjara', 'biar', 'jera']","['so', 'jago', 'inget', 'orang', 'tua', 'susah', 'sekolah', 'akibat', 'buat', 'tangkap', 'masukin', 'penjara', 'biar', 'jera']",so jago inget orang tua susah sekolah akibat buat tangkap masukin penjara biar jera
Apapun judulnya gk boleh bgitu.situ pelajar apa preman,Apapun judulnya gk boleh bgitu situ pelajar apa preman,apapun judulnya gk boleh bgitu situ pelajar apa preman,"['apapun', 'judulnya', 'gk', 'boleh', 'bgitu', 'situ', 'pelajar', 'apa', 'preman']",d93c39e5b788cd2536712724cda95f41,"['apapun', 'judulnya', 'enggak', 'boleh', 'begitu', 'situ', 'pelajar', 'apa', 'preman']","['apapun', 'judulnya', 'situ', 'pelajar', 'preman']","['apa', 'judul', 'situ', 'ajar', 'preman']",apa judul situ ajar preman
Masukin RSJ aja pelaku,Masukin RSJ aja pelaku,masukin rsj aja pelaku,"['masukin', 'rsj', 'aja', 'pelaku']",8b0ed3516c5b1bb3b76b8cecb511907f,"['masukin', 'rsj', 'saja', 'pelaku']","['masukin', 'rsj', 'pelaku']","['masukin', 'rsj', 'laku']",masukin rsj laku
Hadehhh apa menjamin kalau berprestasi itu baik2 saja Bu kepala sekolah????? Eeeee tp itu Prestasi dan Penghargaan apaan ya? Jgn2 prestasi gelut ya Bu KepSek??,Hadehh apa menjamin kalau berprestasi itu baik saja Bu kepala sekolah Eee tp itu Prestasi dan Penghargaan apaan ya Jgn prestasi gelut ya Bu KepSek,hadehh apa menjamin kalau berprestasi itu baik saja bu kepala sekolah eee tp itu prestasi dan penghargaan apaan ya jgn prestasi gelut ya bu kepsek,"['hadehh', 'apa', 'menjamin', 'kalau', 'berprestasi', 'itu', 'baik', 'saja', 'bu', 'kepala', 'sekolah', 'eee', 'tp', 'itu', 'prestasi', 'dan', 'penghargaan', 'apaan', 'ya', 'jgn', 'prestasi', 'gelut', 'ya', 'bu', 'kepsek']",19057ee2cf2db304a09d8217b0d097b8,"['hadehh', 'apa', 'menjamin', 'kalo', 'berprestasi', 'itu', 'baik', 'saja', 'bu', 'kepala', 'sekolah', 'eee', 'tapi', 'itu', 'prestasi', 'dan', 'penghargaan', 'apaan', 'ya', 'jangan', 'prestasi', 'gelut', 'ya', 'bu', 'kepsek']","['hadehh', 'menjamin', 'kalo', 'berprestasi', 'bu', 'kepala', 'sekolah', 'eee', 'prestasi', 'penghargaan', 'prestasi', 'gelut', 'bu', 'kepsek']","['hadehh', 'jamin', 'kalo', 'prestasi', 'bu', 'kepala', 'sekolah', 'eee', 'prestasi', 'harga', 'prestasi', 'gelut', 'bu', 'kepsek']",hadehh jamin kalo prestasi bu kepala sekolah eee prestasi harga prestasi gelut bu kepsek
Katanya urusan cewek,Katanya urusan cewek,katanya urusan cewek,"['katanya', 'urusan', 'cewek']",6a9a4731690febcfffc11f1c55359a10,"['katanya', 'urusan', 'cewek']","['urusan', 'cewek']","['urus', 'cewek']",urus cewek
Waaaah pelaku banyak prestasi ğŸ˜‚ğŸ˜‚ğŸ˜‚ğŸ˜‚,Waah pelaku banyak prestasi,waah pelaku banyak prestasi,"['waah', 'pelaku', 'banyak', 'prestasi']",15dd5dd87fdc7434d11dcaff9b0fc501,"['waah', 'pelaku', 'banyak', 'prestasi']","['waah', 'pelaku', 'prestasi']","['waah', 'laku', 'prestasi']",waah laku prestasi
Terbukti lah video nya aja viral di manaÂ² ada...ğŸ˜®,Terbukti lah video nya aja viral di mana ada,terbukti lah video nya aja viral di mana ada,"['terbukti', 'lah', 'video', 'nya', 'aja', 'viral', 'di', 'mana', 'ada']",3d372804e82db3379f74f5c52ea2cffa,"['terbukti', 'lah', 'video', 'nya', 'saja', 'viral', 'di', 'mana', 'ada']","['terbukti', 'video', 'viral', 'ada']","['bukti', 'video', 'viral', 'ada']",bukti video viral ada
Udah biarin ada bagus nya juga sebentar di penjara nya. Pas keluar neraka sesungguhnya menanti,Udah biarin ada bagus nya juga sebentar di penjara nya Pas keluar neraka sesungguhnya menanti,udah biarin ada bagus nya juga sebentar di penjara nya pas keluar neraka sesungguhnya menanti,"['udah', 'biarin', 'ada', 'bagus', 'nya', 'juga', 'sebentar', 'di', 'penjara', 'nya', 'pas', 'keluar', 'neraka', 'sesungguhnya', 'menanti']",4d16fff26d03154e5066f14323db5a04,"['udah', 'biarin', 'ada', 'bagus', 'nya', 'juga', 'sebentar', 'di', 'penjara', 'nya', 'pas', 'keluar', 'neraka', 'sesungguhnya', 'menanti']","['udah', 'biarin', 'ada', 'bagus', 'sebentar', 'penjara', 'pas', 'neraka', 'sesungguhnya']","['udah', 'biarin', 'ada', 'bagus', 'sebentar', 'penjara', 'pas', 'neraka', 'sungguh']",udah biarin ada bagus sebentar penjara pas neraka sungguh
Mantapzzz.,Mantapzz,mantapzz,['mantapzz'],af6480fe1f2b410b7f3af85ec63a05dd,['mantapzz'],['mantapzz'],['mantapzz'],mantapzz
Mksutnya gimna ini kok geng2an ...,Mksutnya gimna ini kok gengan,mksutnya gimna ini kok gengan,"['mksutnya', 'gimna', 'ini', 'kok', 'gengan']",85e24155cf99843acfd73e80365380ba,"['mksutnya', 'gimna', 'ini', 'kok', 'gengan']","['mksutnya', 'gimna', 'gengan']","['mksutnya', 'gimna', 'geng']",mksutnya gimna geng
Berpresrasi sekali itu anak membuat sekolahnya terkenal,Berpresrasi sekali itu anak membuat sekolahnya terkenal,berpresrasi sekali itu anak membuat sekolahnya terkenal,"['berpresrasi', 'sekali', 'itu', 'anak', 'membuat', 'sekolahnya', 'terkenal']",f72bc3ba6b1143a1c55803a2da2a1948,"['berprestasi', 'sekali', 'itu', 'anak', 'membuat', 'sekolahnya', 'terkenal']","['berprestasi', 'anak', 'sekolahnya', 'terkenal']","['prestasi', 'anak', 'sekolah', 'kenal']",prestasi anak sekolah kenal
Masih SMP geng gengan.. Besar jadi bajingn,Masih SMP geng gengan Besar jadi bajingn,masih smp geng gengan besar jadi bajingn,"['masih', 'smp', 'geng', 'gengan', 'besar', 'jadi', 'bajingn']",dfba66e937e4924601b224cfc4b0f885,"['masih', 'sekolah menengah pertama', 'geng', 'gengan', 'besar', 'jadi', 'bajingan']","['sekolah menengah pertama', 'geng', 'gengan', 'bajingan']","['sekolah tengah pertama', 'geng', 'geng', 'bajing']",sekolah tengah pertama geng geng bajing
"Intinya berantaslah sikat habis perilaku premanisme, dari yang masih bocah sampe yg udah bangkotan.",Intinya berantaslah sikat habis perilaku premanisme dari yang masih bocah sampe yg udah bangkotan,intinya berantaslah sikat habis perilaku premanisme dari yang masih bocah sampe yg udah bangkotan,"['intinya', 'berantaslah', 'sikat', 'habis', 'perilaku', 'premanisme', 'dari', 'yang', 'masih', 'bocah', 'sampe', 'yg', 'udah', 'bangkotan']",45f28f0f7948da2a5d7d9a80b0cd6f7d,"['intinya', 'berantaslah', 'sikat', 'habis', 'perilaku', 'premanisme', 'dari', 'yang', 'masih', 'bocah', 'sampai', 'yang', 'udah', 'Sudah besar']","['intinya', 'berantaslah', 'sikat', 'habis', 'perilaku', 'premanisme', 'bocah', 'udah', 'Sudah besar']","['inti', 'rantas', 'sikat', 'habis', 'perilaku', 'preman', 'bocah', 'udah', 'sudah besar']",inti rantas sikat habis perilaku preman bocah udah sudah besar
Di sebelah katanya garaÂ²cwek,Di sebelah katanya gara cwek,di sebelah katanya gara cwek,"['di', 'sebelah', 'katanya', 'gara', 'cwek']",47d13b9019d2a1ad643b586d5f88de10,"['di', 'sebelah', 'katanya', 'gara', 'cwek']","['sebelah', 'gara', 'cwek']","['belah', 'gara', 'cwek']",belah gara cwek
Berprestasi dengan segala ketololannya . .,Berprestasi dengan segala ketololannya,berprestasi dengan segala ketololannya,"['berprestasi', 'dengan', 'segala', 'ketololannya']",dd9a49af6db764cdd93321383fcaa937,"['berprestasi', 'dengan', 'segala', 'ketololannya']","['berprestasi', 'ketololannya']","['prestasi', 'tolol']",prestasi tolol
"Masa depan yg suram, dari muka nya aja udah nampak",Masa depan yg suram dari muka nya aja udah nampak,masa depan yg suram dari muka nya aja udah nampak,"['masa', 'depan', 'yg', 'suram', 'dari', 'muka', 'nya', 'aja', 'udah', 'nampak']",3edb0fbca0e58a17a2a9bd714db77ae2,"['masa', 'depan', 'yang', 'suram', 'dari', 'muka', 'nya', 'saja', 'udah', 'nampak']","['suram', 'muka', 'udah', 'nampak']","['suram', 'muka', 'udah', 'nampak']",suram muka udah nampak
Please penjarain pakğŸ‘ğŸ‘ğŸ‘,Please penjarain pak,please penjarain pak,"['please', 'penjarain', 'pak']",41e4e1a6fbebd727f358a5c29c798ab3,"['please', 'penjarain', 'pak']","['please', 'penjarain']","['please', 'penjarain']",please penjarain
Gari arep ujian wae kakehan polah le tole,Gari arep ujian wae kakehan polah le tole,gari arep ujian wae kakehan polah le tole,"['gari', 'arep', 'ujian', 'wae', 'kakehan', 'polah', 'le', 'tole']",3045349ce89f4f43b6b7334fc05a343c,"['gari', 'arep', 'ujian', 'wae', 'kakehan', 'polah', 'le', 'tole']","['gari', 'arep', 'ujian', 'wae', 'kakehan', 'polah', 'le', 'tole']","['gari', 'arep', 'uji', 'wae', 'kakehan', 'polah', 'le', 'tole']",gari arep uji wae kakehan polah le tole
Wow ada geng di sekolah tsb,Wow ada geng di sekolah tsb,wow ada geng di sekolah tsb,"['wow', 'ada', 'geng', 'di', 'sekolah', 'tsb']",2667010a5fd395144d8b8c7510fd0ebb,"['wow', 'ada', 'geng', 'di', 'sekolah', 'tsb']","['wow', 'ada', 'geng', 'sekolah']","['wow', 'ada', 'geng', 'sekolah']",wow ada geng sekolah
Dek kalo merasa sok jagoan mending lawan KKB aja....,Dek kalo merasa sok jagoan mending lawan KKB aja,dek kalo merasa sok jagoan mending lawan kkb aja,"['dek', 'kalo', 'merasa', 'sok', 'jagoan', 'mending', 'lawan', 'kkb', 'aja']",cb083796e11283d5bc610134ed0fede8,"['dek', 'kalau', 'merasa', 'sok', 'jagoan', 'mending', 'lawan', 'kkb', 'saja']","['dek', 'sok', 'jagoan', 'mending', 'lawan', 'kkb']","['dek', 'sok', 'jago', 'mending', 'lawan', 'kkb']",dek sok jago mending lawan kkb
"Cuma 2 yg tersangka? Kayaknya banyak yg ngerumuni, neriakin sama nyemangatin.  Trus yg memvideokan serta menyebarkan videonya, gak ditahan?",Cuma yg tersangka Kayaknya banyak yg ngerumuni neriakin sama nyemangatin Trus yg memvideokan serta menyebarkan videonya gak ditahan,cuma yg tersangka kayaknya banyak yg ngerumuni neriakin sama nyemangatin trus yg memvideokan serta menyebarkan videonya gak ditahan,"['cuma', 'yg', 'tersangka', 'kayaknya', 'banyak', 'yg', 'ngerumuni', 'neriakin', 'sama', 'nyemangatin', 'trus', 'yg', 'memvideokan', 'serta', 'menyebarkan', 'videonya', 'gak', 'ditahan']",c25d094e7e52772717bd7396c91bb8e1,"['cuma', 'yang', 'tersangka', 'kayaknya', 'banyak', 'yang', 'ngerumuni', 'neriakin', 'sama', 'nyemangatin', 'terus', 'yang', 'memvideokan', 'serta', 'menyebarkan', 'videonya', 'enggak', 'ditahan']","['tersangka', 'kayaknya', 'ngerumuni', 'neriakin', 'nyemangatin', 'memvideokan', 'menyebarkan', 'videonya', 'ditahan']","['sangka', 'kayak', 'ngerumuni', 'neriakin', 'nyemangatin', 'video', 'sebar', 'video', 'tahan']",sangka kayak ngerumuni neriakin nyemangatin video sebar video tahan
Ehm masih kecil sudah jadi penjahat.gimana besarnya..,Ehm masih kecil sudah jadi penjahat gimana besarnya,ehm masih kecil sudah jadi penjahat gimana besarnya,"['ehm', 'masih', 'kecil', 'sudah', 'jadi', 'penjahat', 'gimana', 'besarnya']",fb2723a53631c3b62631fe50818af956,"['ehm', 'masih', 'kecil', 'sudah', 'jadi', 'penjahat', 'gimana', 'besarnya']","['ehm', 'penjahat', 'gimana', 'besarnya']","['ehm', 'jahat', 'gimana', 'besar']",ehm jahat gimana besar
"Waktu sekolah SMP gw pernah di bully dia ngajakin DUEL, tapi pas DUEL dia yg bonyokğŸ˜‚",Waktu sekolah SMP gw pernah di bully dia ngajakin DUEL tapi pas DUEL dia yg bonyok,waktu sekolah smp gw pernah di bully dia ngajakin duel tapi pas duel dia yg bonyok,"['waktu', 'sekolah', 'smp', 'gw', 'pernah', 'di', 'bully', 'dia', 'ngajakin', 'duel', 'tapi', 'pas', 'duel', 'dia', 'yg', 'bonyok']",e48537032a297b584f8619a79eaaae9c,"['waktu', 'sekolah', 'sekolah menengah pertama', 'aku', 'pernah', 'di', 'bully', 'dia', 'ngajakin', 'duel', 'tapi', 'pas', 'duel', 'dia', 'yang', 'bonyok']","['sekolah', 'sekolah menengah pertama', 'bully', 'ngajakin', 'duel', 'pas', 'duel', 'bonyok']","['sekolah', 'sekolah tengah pertama', 'bully', 'ngajakin', 'duel', 'pas', 'duel', 'bonyok']",sekolah sekolah tengah pertama bully ngajakin duel pas duel bonyok
SMP udah jadi mafia/genk,SMP udah jadi mafia genk,smp udah jadi mafia genk,"['smp', 'udah', 'jadi', 'mafia', 'genk']",ce23441a358887260b2d9c5eadd8ee8b,"['sekolah menengah pertama', 'udah', 'jadi', 'mafia', 'genk']","['sekolah menengah pertama', 'udah', 'mafia', 'genk']","['sekolah tengah pertama', 'udah', 'mafia', 'genk']",sekolah tengah pertama udah mafia genk
Brengsek gawe isin wong Cilacap bae,Brengsek gawe isin wong Cilacap bae,brengsek gawe isin wong cilacap bae,"['brengsek', 'gawe', 'isin', 'wong', 'cilacap', 'bae']",e7bc9bc30cdcca1627190f884803e353,"['brengsek', 'gawe', 'isin', 'wong', 'cilacap', 'bae']","['brengsek', 'gawe', 'isin', 'cilacap']","['brengsek', 'gawe', 'isin', 'cilacap']",brengsek gawe isin cilacap
"Tetep aja geng gengan dilarang woi, berbaur dong harusnya,.",Tetep aja geng gengan dilarang woi berbaur dong harusnya,tetep aja geng gengan dilarang woi berbaur dong harusnya,"['tetep', 'aja', 'geng', 'gengan', 'dilarang', 'woi', 'berbaur', 'dong', 'harusnya']",50b19abf0455daaedfa8db0657bb9dc2,"['tetep', 'saja', 'geng', 'gengan', 'dilarang', 'woi', 'berbaur', 'dong', 'harusnya']","['tetep', 'geng', 'gengan', 'dilarang', 'woi', 'berbaur']","['tetep', 'geng', 'geng', 'larang', 'woi', 'baur']",tetep geng geng larang woi baur
Tidak ada rasa belas kasihan si pelaku ini.,Tidak ada rasa belas kasihan si pelaku ini,tidak ada rasa belas kasihan si pelaku ini,"['tidak', 'ada', 'rasa', 'belas', 'kasihan', 'si', 'pelaku', 'ini']",552a1f7ed4952513b53051e30910d962,"['tidak', 'ada', 'rasa', 'belas', 'kasihan', 'si', 'pelaku', 'ini']","['ada', 'belas', 'kasihan', 'si', 'pelaku']","['ada', 'belas', 'kasihan', 'si', 'laku']",ada belas kasihan si laku
"Kmarin katanya karena cewek ,yg bnr yg mana",Kmarin katanya karena cewek yg bnr yg mana,kmarin katanya karena cewek yg bnr yg mana,"['kmarin', 'katanya', 'karena', 'cewek', 'yg', 'bnr', 'yg', 'mana']",c2f245f1dc124094996a4a894cfb238b,"['kmarin', 'katanya', 'karena', 'cewek', 'yang', 'bnr', 'yang', 'mana']","['kmarin', 'cewek', 'bnr']","['kmarin', 'cewek', 'bnr']",kmarin cewek bnr
persetan dengan perundang2an dibawah umur,persetan dengan perundangan dibawah umur,persetan dengan perundangan dibawah umur,"['persetan', 'dengan', 'perundangan', 'dibawah', 'umur']",1d1cf0d64ab430cebc3baa6cdba8792e,"['persetan', 'dengan', 'perundangan', 'dibawah', 'umur']","['persetan', 'perundangan', 'dibawah', 'umur']","['persetan', 'undang', 'bawah', 'umur']",persetan undang bawah umur
menunggu berita ketegasan dari pihak sekolah!!,menunggu berita ketegasan dari pihak sekolah,menunggu berita ketegasan dari pihak sekolah,"['menunggu', 'berita', 'ketegasan', 'dari', 'pihak', 'sekolah']",95d01999d2d6ac2b96555d6d68d562f9,"['menunggu', 'berita', 'ketegasan', 'dari', 'pihak', 'sekolah']","['menunggu', 'berita', 'ketegasan', 'sekolah']","['tunggu', 'berita', 'tegas', 'sekolah']",tunggu berita tegas sekolah
"Apa pun alasan nya, prokses hukum hrs ttp berjalan. Kalau di diami, bisa jd Bajingan ini anak. Mau dia berprestasi di sekolahan kek, mau bolak balik dpt penghargaan kek, nyata nya dia melakukan penganiayaan dan kekerasan.",Apa pun alasan nya prokses hukum hrs ttp berjalan Kalau di diami bisa jd Bajingan ini anak Mau dia berprestasi di sekolahan kek mau bolak balik dpt penghargaan kek nyata nya dia melakukan penganiayaan dan kekerasan,apa pun alasan nya prokses hukum hrs ttp berjalan kalau di diami bisa jd bajingan ini anak mau dia berprestasi di sekolahan kek mau bolak balik dpt penghargaan kek nyata nya dia melakukan penganiayaan dan kekerasan,"['apa', 'pun', 'alasan', 'nya', 'prokses', 'hukum', 'hrs', 'ttp', 'berjalan', 'kalau', 'di', 'diami', 'bisa', 'jd', 'bajingan', 'ini', 'anak', 'mau', 'dia', 'berprestasi', 'di', 'sekolahan', 'kek', 'mau', 'bolak', 'balik', 'dpt', 'penghargaan', 'kek', 'nyata', 'nya', 'dia', 'melakukan', 'penganiayaan', 'dan', 'kekerasan']",75bed495780eeca72cb46919cfe38080,"['apa', 'pun', 'alasan', 'nya', 'prokses', 'hukum', 'harus', 'tetap', 'berjalan', 'kalo', 'di', 'diami', 'bisa', 'jadi', 'bajingan', 'ini', 'anak', 'mau', 'dia', 'berprestasi', 'di', 'sekolahan', 'kayak', 'mau', 'bolak', 'balik', 'dapat', 'penghargaan', 'kayak', 'nyata', 'nya', 'dia', 'melakukan', 'penganiayaan', 'dan', 'kekerasan']","['alasan', 'prokses', 'hukum', 'tetap', 'berjalan', 'kalo', 'diami', 'bajingan', 'anak', 'berprestasi', 'sekolahan', 'kayak', 'bolak', 'penghargaan', 'kayak', 'nyata', 'penganiayaan', 'kekerasan']","['alas', 'prokses', 'hukum', 'tetap', 'jalan', 'kalo', 'ami', 'bajing', 'anak', 'prestasi', 'sekolah', 'kayak', 'bolak', 'harga', 'kayak', 'nyata', 'aniaya', 'keras']",alas prokses hukum tetap jalan kalo ami bajing anak prestasi sekolah kayak bolak harga kayak nyata aniaya keras
12tahun penjara,tahun penjara,tahun penjara,"['tahun', 'penjara']",22776a82376d735d6a50379549234704,"['tahun', 'penjara']",['penjara'],['penjara'],penjara
apa sih definisi perundungan itu??? TRS definisi PENGANIAYAAN itu juga apa??,apa sih definisi perundungan itu TRS definisi PENGANIAYAAN itu juga apa,apa sih definisi perundungan itu trs definisi penganiayaan itu juga apa,"['apa', 'sih', 'definisi', 'perundungan', 'itu', 'trs', 'definisi', 'penganiayaan', 'itu', 'juga', 'apa']",dcdd17f03e26dd1b311aedf648f48bad,"['apa', 'sih', 'definisi', 'perundungan', 'itu', 'terus', 'definisi', 'penganiayaan', 'itu', 'juga', 'apa']","['sih', 'definisi', 'perundungan', 'definisi', 'penganiayaan']","['sih', 'definisi', 'rundung', 'definisi', 'aniaya']",sih definisi rundung definisi aniaya
Anak siapa ini,Anak siapa ini,anak siapa ini,"['anak', 'siapa', 'ini']",013b3d101d53a959fe2e73b746d51753,"['anak', 'siapa', 'ini']",['anak'],['anak'],anak
Sanksi sekolah nya : cabut dana BOS nya ğŸ’¸ spy ada efek jera,Sanksi sekolah nya cabut dana BOS nya spy ada efek jera,sanksi sekolah nya cabut dana bos nya spy ada efek jera,"['sanksi', 'sekolah', 'nya', 'cabut', 'dana', 'bos', 'nya', 'spy', 'ada', 'efek', 'jera']",b824bfe60e6aa38954925c9b90b26f0b,"['sanksi', 'sekolah', 'nya', 'cabut', 'dana', 'bos', 'nya', 'supaya', 'ada', 'efek', 'jera']","['sanksi', 'sekolah', 'cabut', 'dana', 'bos', 'ada', 'efek', 'jera']","['sanksi', 'sekolah', 'cabut', 'dana', 'bos', 'ada', 'efek', 'jera']",sanksi sekolah cabut dana bos ada efek jera
Anu misahkeun aing... Gelut jeng aing kabeh,Anu misahkeun aing Gelut jeng aing kabeh,anu misahkeun aing gelut jeng aing kabeh,"['anu', 'misahkeun', 'aing', 'gelut', 'jeng', 'aing', 'kabeh']",dad046e8fb59cd37e6c2bf0ecf104dfb,"['anu', 'misahkeun', 'aing', 'gelut', 'jeng', 'aing', 'semua']","['anu', 'misahkeun', 'aing', 'gelut', 'jeng', 'aing']","['anu', 'misahkeun', 'aing', 'gelut', 'jeng', 'aing']",anu misahkeun aing gelut jeng aing
"Bibit"" preman ini salah siapa ya ,pendidik,sekolahan atau orang tua pusing aku ni bro.wassalam",Bibit preman ini salah siapa ya pendidik sekolahan atau orang tua pusing aku ni bro wassalam,bibit preman ini salah siapa ya pendidik sekolahan atau orang tua pusing aku ni bro wassalam,"['bibit', 'preman', 'ini', 'salah', 'siapa', 'ya', 'pendidik', 'sekolahan', 'atau', 'orang', 'tua', 'pusing', 'aku', 'ni', 'bro', 'wassalam']",d5720a2550b6d0141c1dcb1460a7d22e,"['bibit', 'preman', 'ini', 'salah', 'siapa', 'ya', 'pendidik', 'sekolahan', 'atau', 'orang', 'tua', 'pusing', 'aku', 'ni', 'bro', 'wassalam']","['bibit', 'preman', 'salah', 'pendidik', 'sekolahan', 'orang', 'tua', 'pusing', 'ni', 'bro', 'wassalam']","['bibit', 'preman', 'salah', 'didik', 'sekolah', 'orang', 'tua', 'pusing', 'ni', 'bro', 'wassalam']",bibit preman salah didik sekolah orang tua pusing ni bro wassalam
Berprestasi? Gk salah tu Bu guru kepsek. Mungkin berprestasi dlm bidang bully dan nindas orang yg lemah,Berprestasi Gk salah tu Bu guru kepsek Mungkin berprestasi dlm bidang bully dan nindas orang yg lemah,berprestasi gk salah tu bu guru kepsek mungkin berprestasi dlm bidang bully dan nindas orang yg lemah,"['berprestasi', 'gk', 'salah', 'tu', 'bu', 'guru', 'kepsek', 'mungkin', 'berprestasi', 'dlm', 'bidang', 'bully', 'dan', 'nindas', 'orang', 'yg', 'lemah']",70247593f59779b4f8158a406dd3214d,"['berprestasi', 'enggak', 'salah', 'tu', 'bu', 'guru', 'kepsek', 'mungkin', 'berprestasi', 'dalam', 'bidang', 'bully', 'dan', 'nindas', 'orang', 'yang', 'lemah']","['berprestasi', 'salah', 'tu', 'bu', 'guru', 'kepsek', 'berprestasi', 'bidang', 'bully', 'nindas', 'orang', 'lemah']","['prestasi', 'salah', 'tu', 'bu', 'guru', 'kepsek', 'prestasi', 'bidang', 'bully', 'nindas', 'orang', 'lemah']",prestasi salah tu bu guru kepsek prestasi bidang bully nindas orang lemah
kecilÂ² da jd ketua geng,kecil da jd ketua geng,kecil da jd ketua geng,"['kecil', 'da', 'jd', 'ketua', 'geng']",ec25ae08123ae0c2abffeb8f72f55a85,"['kecil', 'da', 'jadi', 'ketua', 'geng']","['da', 'ketua', 'geng']","['da', 'ketua', 'geng']",da ketua geng
"Bukannya gara"" cw?",Bukannya gara cw,bukannya gara cw,"['bukannya', 'gara', 'cw']",b4bf5bd3a97b6a139959b7243c07d026,"['bukannya', 'gara', 'cw']","['gara', 'cw']","['gara', 'cw']",gara cw
"W nih yg mana? Yg pake tas selempang, yg bawa bambu, yg ngrekam, yg mainin nomer2 sambil duduk? Siapapun yg terlibat tolong dikasih hukuman juga dong. Jgn pake alesan masih anak2",nih yg mana Yg pake tas selempang yg bawa bambu yg ngrekam yg mainin nomer sambil duduk Siapapun yg terlibat tolong dikasih hukuman juga dong Jgn pake alesan masih anak,nih yg mana yg pake tas selempang yg bawa bambu yg ngrekam yg mainin nomer sambil duduk siapapun yg terlibat tolong dikasih hukuman juga dong jgn pake alesan masih anak,"['nih', 'yg', 'mana', 'yg', 'pake', 'tas', 'selempang', 'yg', 'bawa', 'bambu', 'yg', 'ngrekam', 'yg', 'mainin', 'nomer', 'sambil', 'duduk', 'siapapun', 'yg', 'terlibat', 'tolong', 'dikasih', 'hukuman', 'juga', 'dong', 'jgn', 'pake', 'alesan', 'masih', 'anak']",80bbb906d714c3a46012f52f36050843,"['ini', 'yang', 'mana', 'yang', 'pake', 'tas', 'selempang', 'yang', 'bawah', 'bambu', 'yang', 'ngrekam', 'yang', 'mainin', 'nomer', 'sambil', 'duduk', 'siapapun', 'yang', 'terlibat', 'tolong', 'dikasih', 'hukuman', 'juga', 'dong', 'jangan', 'pake', 'alesan', 'masih', 'anak']","['pake', 'tas', 'selempang', 'bambu', 'ngrekam', 'mainin', 'nomer', 'duduk', 'terlibat', 'tolong', 'dikasih', 'hukuman', 'pake', 'alesan', 'anak']","['pake', 'tas', 'selempang', 'bambu', 'ngrekam', 'mainin', 'nomer', 'duduk', 'libat', 'tolong', 'kasih', 'hukum', 'pake', 'alesan', 'anak']",pake tas selempang bambu ngrekam mainin nomer duduk libat tolong kasih hukum pake alesan anak
Ketika ilmu lebih tinggi daripada adab ya begini lah jadinya....,Ketika ilmu lebih tinggi daripada adab ya begini lah jadinya,ketika ilmu lebih tinggi daripada adab ya begini lah jadinya,"['ketika', 'ilmu', 'lebih', 'tinggi', 'daripada', 'adab', 'ya', 'begini', 'lah', 'jadinya']",e083e5d7387c479db28ef574ef9cbdc1,"['ketika', 'ilmu', 'lebih', 'tinggi', 'daripada', 'kesopanan', 'ya', 'begini', 'lah', 'jadinya']","['ilmu', 'kesopanan']","['ilmu', 'sopan']",ilmu sopan
Nih Pelaku siswa Berprestasi???????? Berprestasi bantai orang ğŸ˜ ,Nih Pelaku siswa Berprestasi Berprestasi bantai orang,nih pelaku siswa berprestasi berprestasi bantai orang,"['nih', 'pelaku', 'siswa', 'berprestasi', 'berprestasi', 'bantai', 'orang']",8c274803dfbc93394677aa8ec2aac2cc,"['ini', 'pelaku', 'siswa', 'berprestasi', 'berprestasi', 'bantai', 'orang']","['pelaku', 'siswa', 'berprestasi', 'berprestasi', 'bantai', 'orang']","['laku', 'siswa', 'prestasi', 'prestasi', 'bantai', 'orang']",laku siswa prestasi prestasi bantai orang
Halah anak kurang ajar itu banyak alasanya,Halah anak kurang ajar itu banyak alasanya,halah anak kurang ajar itu banyak alasanya,"['halah', 'anak', 'kurang', 'ajar', 'itu', 'banyak', 'alasanya']",32867caa68196c33dd441199384725b8,"['halah', 'anak', 'kurang', 'ajar', 'itu', 'banyak', 'alasanya']","['halah', 'anak', 'ajar', 'alasanya']","['halah', 'anak', 'ajar', 'alasanya']",halah anak ajar alasanya
Yg bener katanya masalah cewe sekarang beda lagi,Yg bener katanya masalah cewe sekarang beda lagi,yg bener katanya masalah cewe sekarang beda lagi,"['yg', 'bener', 'katanya', 'masalah', 'cewe', 'sekarang', 'beda', 'lagi']",7cf3a24a9cb1031b25f6ddb66f8b1820,"['yang', 'benar', 'katanya', 'masalah', 'cewe', 'sekarang', 'beda', 'lagi']","['cewe', 'beda']","['cewe', 'beda']",cewe beda
Setuju hukum saja,Setuju hukum saja,setuju hukum saja,"['setuju', 'hukum', 'saja']",ddc10eb1517316e7b501416b5ad1a854,"['setuju', 'hukum', 'saja']","['setuju', 'hukum']","['tuju', 'hukum']",tuju hukum
"Bagus, proses hukum tetap berjalan..",Bagus proses hukum tetap berjalan,bagus proses hukum tetap berjalan,"['bagus', 'proses', 'hukum', 'tetap', 'berjalan']",b8ba799a5b836fbd88883515ac721ea2,"['bagus', 'proses', 'hukum', 'tetap', 'berjalan']","['bagus', 'proses', 'hukum', 'tetap', 'berjalan']","['bagus', 'proses', 'hukum', 'tetap', 'jalan']",bagus proses hukum tetap jalan
"Revolusi Mental GAGAL, Lahirlah Premisme dan Brutalisme. Saat Revolusi Akhlak",Revolusi Mental GAGAL Lahirlah Premisme dan Brutalisme Saat Revolusi Akhlak,revolusi mental gagal lahirlah premisme dan brutalisme saat revolusi akhlak,"['revolusi', 'mental', 'gagal', 'lahirlah', 'premisme', 'dan', 'brutalisme', 'saat', 'revolusi', 'akhlak']",d7dfcc8c1600252a7301c1b82475a925,"['revolusi', 'mental', 'gagal', 'lahirlah', 'premisme', 'dan', 'brutalisme', 'saat', 'revolusi', 'budi pekerti']","['revolusi', 'mental', 'gagal', 'lahirlah', 'premisme', 'brutalisme', 'revolusi', 'budi pekerti']","['revolusi', 'mental', 'gagal', 'lahir', 'premisme', 'brutalisme', 'revolusi', 'budi pekerti']",revolusi mental gagal lahir premisme brutalisme revolusi budi pekerti
"Kejadian di pandegalang banten, bukan di cilacap",Kejadian di pandegalang banten bukan di cilacap,kejadian di pandegalang banten bukan di cilacap,"['kejadian', 'di', 'pandegalang', 'banten', 'bukan', 'di', 'cilacap']",f6d6e4d90f754ea5478ff66afb0a875c,"['kejadian', 'di', 'pandegalang', 'banten', 'bukan', 'di', 'cilacap']","['kejadian', 'pandegalang', 'banten', 'cilacap']","['jadi', 'pandegalang', 'banten', 'cilacap']",jadi pandegalang banten cilacap
Geng oopo....,Geng oopo,geng oopo,"['geng', 'oopo']",9592a2d7b5f57d87bc56016178c2b022,"['geng', 'oopo']","['geng', 'oopo']","['geng', 'oopo']",geng oopo
Prestasi geng sekolah po bu,Prestasi geng sekolah po bu,prestasi geng sekolah po bu,"['prestasi', 'geng', 'sekolah', 'po', 'bu']",f4834068cd0614c17996f6cf0d47e3ca,"['prestasi', 'geng', 'sekolah', 'po', 'bu']","['prestasi', 'geng', 'sekolah', 'po', 'bu']","['prestasi', 'geng', 'sekolah', 'po', 'bu']",prestasi geng sekolah po bu
Halah...,Halah,halah,['halah'],8ea174aa89d08a2181d0e57caa7d4f13,['halah'],['halah'],['halah'],halah
ko dia bisa bahasa sunda,ko dia bisa bahasa sunda,ko dia bisa bahasa sunda,"['ko', 'dia', 'bisa', 'bahasa', 'sunda']",1bc9e87e8c5af72676028e2604dc4fbe,"['ko', 'dia', 'bisa', 'bahasa', 'sunda']","['ko', 'bahasa', 'sunda']","['ko', 'bahasa', 'sunda']",ko bahasa sunda
Modarooo,Modaroo,modaroo,['modaroo'],04e8db4f317d0ddd56964209b30e75a8,['modaroo'],['modaroo'],['modaroo'],modaroo
Gak masuk akal pinter pinter ngeless,Gak masuk akal pinter pinter ngeless,gak masuk akal pinter pinter ngeless,"['gak', 'masuk', 'akal', 'pinter', 'pinter', 'ngeless']",21784a10a878010733ac7895b4ded9f0,"['enggak', 'masuk', 'akal', 'pinter', 'pinter', 'ngeless']","['masuk', 'akal', 'pinter', 'pinter', 'ngeless']","['masuk', 'akal', 'pinter', 'pinter', 'ngeless']",masuk akal pinter pinter ngeless
harus d kasi sanksiberat ni klau nga dia blagu amat,harus kasi sanksiberat ni klau nga dia blagu amat,harus kasi sanksiberat ni klau nga dia blagu amat,"['harus', 'kasi', 'sanksiberat', 'ni', 'klau', 'nga', 'dia', 'blagu', 'amat']",009e86646cb7c4d32a8797a48c458d86,"['harus', 'kasih', 'sanksiberat', 'ni', 'klau', 'nga', 'dia', 'blagu', 'amat']","['kasih', 'sanksiberat', 'ni', 'klau', 'nga', 'blagu']","['kasih', 'sanksiberat', 'ni', 'klau', 'nga', 'blagu']",kasih sanksiberat ni klau nga blagu
"Bully sampe depresi,,",Bully sampe depresi,bully sampe depresi,"['bully', 'sampe', 'depresi']",f9ab1a86b02dbbf105b7867d1617c870,"['bully', 'sampai', 'depresi']","['bully', 'depresi']","['bully', 'depresi']",bully depresi
Jamet2 ğŸ˜‚,Jamet,jamet,['jamet'],d52f56c539a90f99f5b8d73463d18b28,['jamet'],['jamet'],['jamet'],jamet
Kon sekolah malah geng2an...cilik2 kelakuane wis kaya penjahat,Kon sekolah malah gengan cilik kelakuane wis kaya penjahat,kon sekolah malah gengan cilik kelakuane wis kaya penjahat,"['kon', 'sekolah', 'malah', 'gengan', 'cilik', 'kelakuane', 'wis', 'kaya', 'penjahat']",4b0921386af56b5e503b6ace6872f70f,"['kon', 'sekolah', 'malah', 'gengan', 'cilik', 'kelakuane', 'wis', 'kaya', 'penjahat']","['kon', 'sekolah', 'gengan', 'cilik', 'kelakuane', 'wis', 'kaya', 'penjahat']","['kon', 'sekolah', 'geng', 'cilik', 'kelakuane', 'wis', 'kaya', 'jahat']",kon sekolah geng cilik kelakuane wis kaya jahat
"Hoi Kepsek Wuri, pelajar berprestasi apa ?segala penghargaan, cb sebutkan penghargaan apa?, prestasi sok jagoan ya,  masa kelakuan anak didik sprti itu selama ini gk tau, pastinya disekolah gaya petentang petenteng dan mungkin pernah berantem dgn yg lain jg, kurang jeli aja sekolahnya.",Hoi Kepsek Wuri pelajar berprestasi apa segala penghargaan cb sebutkan penghargaan apa prestasi sok jagoan ya masa kelakuan anak didik sprti itu selama ini gk tau pastinya disekolah gaya petentang petenteng dan mungkin pernah berantem dgn yg lain jg kurang jeli aja sekolahnya,hoi kepsek wuri pelajar berprestasi apa segala penghargaan cb sebutkan penghargaan apa prestasi sok jagoan ya masa kelakuan anak didik sprti itu selama ini gk tau pastinya disekolah gaya petentang petenteng dan mungkin pernah berantem dgn yg lain jg kurang jeli aja sekolahnya,"['hoi', 'kepsek', 'wuri', 'pelajar', 'berprestasi', 'apa', 'segala', 'penghargaan', 'cb', 'sebutkan', 'penghargaan', 'apa', 'prestasi', 'sok', 'jagoan', 'ya', 'masa', 'kelakuan', 'anak', 'didik', 'sprti', 'itu', 'selama', 'ini', 'gk', 'tau', 'pastinya', 'disekolah', 'gaya', 'petentang', 'petenteng', 'dan', 'mungkin', 'pernah', 'berantem', 'dgn', 'yg', 'lain', 'jg', 'kurang', 'jeli', 'aja', 'sekolahnya']",fad5ead696ff74c22b1dd45967932efb,"['hoi', 'kepsek', 'wuri', 'pelajar', 'berprestasi', 'apa', 'segala', 'penghargaan', 'cb', 'sebutkan', 'penghargaan', 'apa', 'prestasi', 'sok', 'jagoan', 'ya', 'masa', 'kelakuan', 'anak', 'didik', 'sprti', 'itu', 'selama', 'ini', 'enggak', 'tau', 'pastinya', 'disekolah', 'gaya', 'petentang', 'petenteng', 'dan', 'mungkin', 'pernah', 'berantem', 'dengan', 'yang', 'lain', 'juga', 'kurang', 'jeli', 'saja', 'sekolahnya']","['hoi', 'kepsek', 'wuri', 'pelajar', 'berprestasi', 'penghargaan', 'cb', 'sebutkan', 'penghargaan', 'prestasi', 'sok', 'jagoan', 'kelakuan', 'anak', 'didik', 'sprti', 'tau', 'pastinya', 'disekolah', 'gaya', 'petentang', 'petenteng', 'berantem', 'jeli', 'sekolahnya']","['hoi', 'kepsek', 'wuri', 'ajar', 'prestasi', 'harga', 'cb', 'sebut', 'harga', 'prestasi', 'sok', 'jago', 'laku', 'anak', 'didik', 'sprti', 'tau', 'pasti', 'seko', 'gaya', 'tentang', 'petenteng', 'antem', 'jeli', 'sekolah']",hoi kepsek wuri ajar prestasi harga cb sebut harga prestasi sok jago laku anak didik sprti tau pasti seko gaya tentang petenteng antem jeli sekolah
preman cilik,preman cilik,preman cilik,"['preman', 'cilik']",806b6e9cdaa58636d0e38f67ba577022,"['preman', 'cilik']","['preman', 'cilik']","['preman', 'cilik']",preman cilik
"Masih SMP sdh geng2an, kalo sdh remaja mau jadi apa,  preman kelas teri yaa",Masih SMP sdh gengan kalo sdh remaja mau jadi apa preman kelas teri yaa,masih smp sdh gengan kalo sdh remaja mau jadi apa preman kelas teri yaa,"['masih', 'smp', 'sdh', 'gengan', 'kalo', 'sdh', 'remaja', 'mau', 'jadi', 'apa', 'preman', 'kelas', 'teri', 'yaa']",e5643d51c063303d16d0c96080263d01,"['masih', 'sekolah menengah pertama', 'sudah', 'gengan', 'kalau', 'sudah', 'remaja', 'mau', 'jadi', 'apa', 'preman', 'kelas', 'teri', 'ya']","['sekolah menengah pertama', 'gengan', 'remaja', 'preman', 'kelas', 'teri']","['sekolah tengah pertama', 'geng', 'remaja', 'preman', 'kelas', 'teri']",sekolah tengah pertama geng remaja preman kelas teri
Gengâ€an segala orang sekolah biasa sj belagu bukan sekolah Yg gimanaâ€¦. Lagian Mental Preman gak pantas buat dijadikan contoh buat adik kelas,Geng an segala orang sekolah biasa sj belagu bukan sekolah Yg gimana Lagian Mental Preman gak pantas buat dijadikan contoh buat adik kelas,geng an segala orang sekolah biasa sj belagu bukan sekolah yg gimana lagian mental preman gak pantas buat dijadikan contoh buat adik kelas,"['geng', 'an', 'segala', 'orang', 'sekolah', 'biasa', 'sj', 'belagu', 'bukan', 'sekolah', 'yg', 'gimana', 'lagian', 'mental', 'preman', 'gak', 'pantas', 'buat', 'dijadikan', 'contoh', 'buat', 'adik', 'kelas']",e00e3eb7c36e403397b7bb58390e8be5,"['geng', '.', 'segala', 'orang', 'sekolah', 'biasa', 'saja', 'sombong', 'bukan', 'sekolah', 'yang', 'gimana', 'lagian', 'mental', 'preman', 'enggak', 'pantas', 'buat', 'dijadikan', 'contoh', 'buat', 'adik', 'kelas']","['geng', '.', 'orang', 'sekolah', 'sombong', 'sekolah', 'gimana', 'mental', 'preman', 'dijadikan', 'contoh', 'adik', 'kelas']","['geng', '', 'orang', 'sekolah', 'sombong', 'sekolah', 'gimana', 'mental', 'preman', 'jadi', 'contoh', 'adik', 'kelas']",geng orang sekolah sombong sekolah gimana mental preman jadi contoh adik kelas
Kirim aja gengnya suruh lawan KKB ğŸ˜ˆ,Kirim aja gengnya suruh lawan KKB,kirim aja gengnya suruh lawan kkb,"['kirim', 'aja', 'gengnya', 'suruh', 'lawan', 'kkb']",df65eff8137bdfdc192095dc6824d8e8,"['kirim', 'saja', 'gengnya', 'suruh', 'lawan', 'kkb']","['kirim', 'gengnya', 'suruh', 'lawan', 'kkb']","['kirim', 'geng', 'suruh', 'lawan', 'kkb']",kirim geng suruh lawan kkb
"Hah, g yakin gwe ama pernyataan kepsek nya, ""pelaku dikenal sebagai pelajar yg berprestasi dgn segala penghargaan yg d raihnya"". Opo iyo",Hah yakin gwe ama pernyataan kepsek nya pelaku dikenal sebagai pelajar yg berprestasi dgn segala penghargaan yg raihnya Opo iyo,hah yakin gwe ama pernyataan kepsek nya pelaku dikenal sebagai pelajar yg berprestasi dgn segala penghargaan yg raihnya opo iyo,"['hah', 'yakin', 'gwe', 'ama', 'pernyataan', 'kepsek', 'nya', 'pelaku', 'dikenal', 'sebagai', 'pelajar', 'yg', 'berprestasi', 'dgn', 'segala', 'penghargaan', 'yg', 'raihnya', 'opo', 'iyo']",6156bb193e9c53e312048f0165307d4d,"['hah', 'yakin', 'aku', 'ama', 'pernyataan', 'kepsek', 'nya', 'pelaku', 'dikenal', 'sebagai', 'pelajar', 'yang', 'berprestasi', 'dengan', 'segala', 'penghargaan', 'yang', 'raihnya', 'opo', 'iyo']","['hah', 'pernyataan', 'kepsek', 'pelaku', 'dikenal', 'pelajar', 'berprestasi', 'penghargaan', 'raihnya', 'opo', 'iyo']","['hah', 'nyata', 'kepsek', 'laku', 'kenal', 'ajar', 'prestasi', 'harga', 'raih', 'opo', 'iyo']",hah nyata kepsek laku kenal ajar prestasi harga raih opo iyo
Apapun alasannya anak bang sad itu harus dihukum,Apapun alasannya anak bang sad itu harus dihukum,apapun alasannya anak bang sad itu harus dihukum,"['apapun', 'alasannya', 'anak', 'bang', 'sad', 'itu', 'harus', 'dihukum']",b5fc5fd1a270b16f9267081875f5b3da,"['apapun', 'alasannya', 'anak', 'bang', 'sad', 'itu', 'harus', 'dihukum']","['apapun', 'alasannya', 'anak', 'sad', 'dihukum']","['apa', 'alas', 'anak', 'sad', 'hukum']",apa alas anak sad hukum
Siunyil tahun 2023,Siunyil tahun,siunyil tahun,"['siunyil', 'tahun']",191b3a93b8372a8817922c5daaf1d61a,"['siunyil', 'tahun']",['siunyil'],['siunyil'],siunyil
Minimal kelakuannya ngenakin kalo muka gak ganteng ğŸ¤£,Minimal kelakuannya ngenakin kalo muka gak ganteng,minimal kelakuannya ngenakin kalo muka gak ganteng,"['minimal', 'kelakuannya', 'ngenakin', 'kalo', 'muka', 'gak', 'ganteng']",3ed9ff7c83753ff5f44e37f88e4b0702,"['minimal', 'kelakuannya', 'ngenakin', 'kalau', 'muka', 'enggak', 'ganteng']","['minimal', 'kelakuannya', 'ngenakin', 'muka', 'ganteng']","['minimal', 'laku', 'ngenakin', 'muka', 'ganteng']",minimal laku ngenakin muka ganteng
"Pertama....kata nya masalah asmara....skrg, masalah anggota genk.....saya dipojok aja deh",Pertama kata nya masalah asmara skrg masalah anggota genk saya dipojok aja deh,pertama kata nya masalah asmara skrg masalah anggota genk saya dipojok aja deh,"['pertama', 'kata', 'nya', 'masalah', 'asmara', 'skrg', 'masalah', 'anggota', 'genk', 'saya', 'dipojok', 'aja', 'deh']",b1c1d5948d3e5ea2e3dbe8bb141058ed,"['pertama', 'kata', 'nya', 'masalah', 'asmara', 'sekarang', 'masalah', 'anggota', 'genk', 'saya', 'dipojok', 'saja', 'deh']","['asmara', 'anggota', 'genk', 'dipojok', 'deh']","['asmara', 'anggota', 'genk', 'pojok', 'deh']",asmara anggota genk pojok deh
Hah? Dikenal berprestasi? Real kah? Dgn kelakuan spt itu? Sungguh?,Hah Dikenal berprestasi Real kah Dgn kelakuan spt itu Sungguh,hah dikenal berprestasi real kah dgn kelakuan spt itu sungguh,"['hah', 'dikenal', 'berprestasi', 'real', 'kah', 'dgn', 'kelakuan', 'spt', 'itu', 'sungguh']",845c6f2800abe3092245bfa000162d14,"['hah', 'dikenal', 'berprestasi', 'real', 'kah', 'dengan', 'kelakuan', 'seperti', 'itu', 'sungguh']","['hah', 'dikenal', 'berprestasi', 'real', 'kah', 'kelakuan', 'sungguh']","['hah', 'kenal', 'prestasi', 'real', 'kah', 'laku', 'sungguh']",hah kenal prestasi real kah laku sungguh
smp aku baru x ini dapat musibah...sedih banget hampir 30 tahun lebih damai2 sja nga pernah ada kasus apa pun..,smp aku baru ini dapat musibah sedih banget hampir tahun lebih damai sja nga pernah ada kasus apa pun,smp aku baru ini dapat musibah sedih banget hampir tahun lebih damai sja nga pernah ada kasus apa pun,"['smp', 'aku', 'baru', 'ini', 'dapat', 'musibah', 'sedih', 'banget', 'hampir', 'tahun', 'lebih', 'damai', 'sja', 'nga', 'pernah', 'ada', 'kasus', 'apa', 'pun']",43cb0c0e88521b83950710d07a21d8ae,"['sekolah menengah pertama', 'aku', 'baru', 'ini', 'dapat', 'musibah', 'sedih', 'banget', 'hampir', 'tahun', 'lebih', 'damai', 'sja', 'nga', 'pernah', 'ada', 'kasus', 'apa', 'pun']","['sekolah menengah pertama', 'musibah', 'sedih', 'banget', 'damai', 'sja', 'nga', 'ada']","['sekolah tengah pertama', 'musibah', 'sedih', 'banget', 'damai', 'sja', 'nga', 'ada']",sekolah tengah pertama musibah sedih banget damai sja nga ada
Kirim ke irian aja min,Kirim ke irian aja min,kirim ke irian aja min,"['kirim', 'ke', 'irian', 'aja', 'min']",a79cf9eab8ff80cbd1c1a3472b9efdd2,"['kirim', 'ke', 'irian', 'saja', 'admin']","['kirim', 'irian']","['kirim', 'iri']",kirim iri
"Adab dulu baru ilmu, akhlak dulu baru prestasi",Adab dulu baru ilmu akhlak dulu baru prestasi,adab dulu baru ilmu akhlak dulu baru prestasi,"['adab', 'dulu', 'baru', 'ilmu', 'akhlak', 'dulu', 'baru', 'prestasi']",2a5e9e8efc1d44f97805a05f6306ac17,"['kesopanan', 'dulu', 'baru', 'ilmu', 'budi pekerti', 'dulu', 'baru', 'prestasi']","['kesopanan', 'ilmu', 'budi pekerti', 'prestasi']","['sopan', 'ilmu', 'budi pekerti', 'prestasi']",sopan ilmu budi pekerti prestasi
Bocil anjeng,Bocil anjeng,bocil anjeng,"['bocil', 'anjeng']",5f376714a1c6a06e0fa7244742a02a08,"['bocil', 'anjeng']","['bocil', 'anjeng']","['bocil', 'anjeng']",bocil anjeng
Utk anak2 seperti ini..trus anak2 yg suka tawuran..jgn hanya cuma panggil ortu trus buat surat pernyataan gk ngulangi lg..tpi disel dulu 3 pe 7hr supaya jera atau kapok..krn mereka ini sdh jd kebiasaan2 yg slalu2 diulang2ğŸ™ğŸ™ğŸ™ğŸ™,Utk anak seperti ini trus anak yg suka tawuran jgn hanya cuma panggil ortu trus buat surat pernyataan gk ngulangi lg tpi disel dulu pe hr supaya jera atau kapok krn mereka ini sdh jd kebiasaan yg slalu diulang,utk anak seperti ini trus anak yg suka tawuran jgn hanya cuma panggil ortu trus buat surat pernyataan gk ngulangi lg tpi disel dulu pe hr supaya jera atau kapok krn mereka ini sdh jd kebiasaan yg slalu diulang,"['utk', 'anak', 'seperti', 'ini', 'trus', 'anak', 'yg', 'suka', 'tawuran', 'jgn', 'hanya', 'cuma', 'panggil', 'ortu', 'trus', 'buat', 'surat', 'pernyataan', 'gk', 'ngulangi', 'lg', 'tpi', 'disel', 'dulu', 'pe', 'hr', 'supaya', 'jera', 'atau', 'kapok', 'krn', 'mereka', 'ini', 'sdh', 'jd', 'kebiasaan', 'yg', 'slalu', 'diulang']",1e91e4bc96a1a0600d7108146b939382,"['untuk', 'anak', 'seperti', 'ini', 'terus', 'anak', 'yang', 'suka', 'tawuran', 'jangan', 'hanya', 'cuma', 'panggil', 'orang tua', 'terus', 'buat', 'surat', 'pernyataan', 'enggak', 'ngulangi', 'lagi', 'tpi', 'disel', 'dulu', 'pe', 'hr', 'supaya', 'jera', 'atau', 'kapok', 'karena', 'mereka', 'ini', 'sudah', 'jadi', 'kebiasaan', 'yang', 'slalu', 'diulang']","['anak', 'anak', 'suka', 'tawuran', 'panggil', 'orang tua', 'surat', 'pernyataan', 'ngulangi', 'tpi', 'disel', 'pe', 'hr', 'jera', 'kapok', 'kebiasaan', 'slalu', 'diulang']","['anak', 'anak', 'suka', 'tawur', 'panggil', 'orang tua', 'surat', 'nyata', 'ngulangi', 'tpi', 'disel', 'pe', 'hr', 'jera', 'kapok', 'biasa', 'slalu', 'ulang']",anak anak suka tawur panggil orang tua surat nyata ngulangi tpi disel pe hr jera kapok biasa slalu ulang
